sentence,sentence_fra
404 ni baladè o volan.,La 404 a le levier de vitesse au volant.
A dèmen !,À demain !
A dèmen.,À demain.
A kilè nou ka vwè ?,On se voit à quelle heure ?
A pa Kwisyann ?,Ce n'est pas Christiane ?
A pa Kévin ?,C'est pas Kévin ?
A pa Mawi ?,Ce n'est pas Marie ?
A pa Tòm ?,Ce n'est pas Tom ?
A pa fwè an mwen.,Ce n'est pas mon frère.
A pa jé !,Ce n'est pas une blague !
A pa lapenn.,Ce n'est pas la peine.
A pa manman an mwen.,Ce n'est pas ma mère.
A pa papa an mwen.,Ce n'est pas mon père.
A pa souvaman yo ka jwenn vou.,On ne te rencontre pas souvent.
A pa sè an mwen.,Ce n'est pas ma sœur.
A pa ti las nou té las yè !,Qu'est-ce qu'on était fatigués hier !
A pa Èstéfann ?,Ce n'est pas Stéphane ?
A sa ou di.,C'est ce que tu dis.
A talè !,À tout à l'heure !
Adiyé !,Adieu !
Ahak.,Rien.
Aki yo ?,Qui sont-ils ?
Alimaj a loto an mwen pa ka maché.,Ma voiture a une panne d'allumage.
Alimaj a loto an mwen pa'a maché.,Ma voiture a une panne d'allumage.
"Alto-la ka kriyé twòp, yo ja tann anki i.","Le saxophone alto joue trop fort, on n'entend que toi."
Alé bèsé ti frè a'w !,Va bercer ton petit frère !
Alé bèsé ti sè a'w !,Va bercer ta petite sœur !
"Alò, ka ou fè ?","Alors, comment ça va ?"
An achté on téléfòn nèf.,J'ai acheté un nouveau téléphone.
An adan ladoutans.,J'hésite.
An ay vwè'y sanmdi anho-anho.,Je suis allé le voir le samedi précédent samedi.
An ay vwè'y sanmdi anho.,Je suis allé le voir samedi dernier.
An baké Fòdfwans é misyé lasa.,J'ai embarqué à Fort-de-France avec ce monsieur.
An baké Lapwent é madanm lasa.,J'ai embarqué à Pointe-à-Pitre avec cette dame.
"An bizwen ay an vil, an pa ni lajan.","Il faut que j'aille en ville, mais je n'ai pas d'argent."
An bizwen ay an vil.,Il faut que j'aille en ville.
An bizwen vou.,J'ai besoin de toi.
An bizwen vwè'w.,J'ai besoin de te voir.
An blésé mwen.,Je me suis blessé.
An enmé Hitomi.,J'aime Hitomi.
An enmé Kati.,J'aime Cathy.
An enmé Mawi.,J'aime Mary.
An enmé Tatoeba.,J'aime Tatoeba.
An enmé Tòm.,J'aime Tom.
An enmé aprann.,J'aime apprendre.
An enmé apwann.,J'aime apprendre.
An enmé bayé.,J'aime bâiller.
An enmé bwè.,J'aime boire.
An enmé chanson-lasa.,J'aime cette chanson.
An enmé chanté-lasa.,J'aime cette chanson.
An enmé chanté.,J’aime chanter.
An enmé dansé.,J'aime danser.
An enmé désiné.,J'aime dessiner.
An enmé dòmi.,J'aime dormir.
An enmé fomaj a kabwit.,J'aime le fromage de chèvre.
An enmé fè lékòl.,J'aime enseigner.
An enmé kalkilé.,J'aime calculer.
An enmé kouwi.,J'aime courir.
An enmé li.,J'aime lire.
An enmé maché.,J'aime marcher.
An enmé magazen-lasa.,J'aime ce magasin.
An enmé manjé.,J'aime manger.
An enmé najé.,J'aime nager.
An enmé navé.,J'aime les navets.
An enmé palé.,J'aime parler.
An enmé patat.,J'aime les patates douces.
An enmé péché.,J'aime pêcher.
An enmé ri.,J'aime rire.
An enmé révé.,J'aime rêver.
An enmé siléma-lasa.,J'aime ce film.
An enmé travay.,J'aime travailler.
An enmé yo.,Je les aime.
An enmé zwazo.,J'aime les oiseaux.
An enmé zwézo.,J'aime les oiseaux.
An enmé'w !,Je t'aime !
An enmé'w manman.,Je t'aime maman.
An enmé'w onlo !,Je t'aime beaucoup !
"An enmé'w onlo, Tòm !","Je t’aime beaucoup, Tom !"
An enmé'w onlo.,Je t'aime beaucoup.
An enmé'w osi.,Je t'aime aussi.
An enmé'w papa.,Je t'aime papa.
An enmé'w toubòlman !,Je t'aime beaucoup !
"An enmé'w toubòlman, Tòm !","Je t’aime beaucoup, Tom !"
An enmé'w toubòlman.,Je t'aime beaucoup.
"An enmé'w, Tòm.","Je t'aime, Tom."
"An enmé'w, doudou !","Je t'aime, chérie !"
An enmé'w.,Je t'aime.
An enmé'y.,Je l'aime.
An fen !,J'ai faim !
An gwan pasé zòt.,Je suis plus grand que vous.
An gwan pasé'w.,Je suis plus grand que toi.
An gwan pasé'y.,Je suis plus grand que lui.
An gwan.,Je suis grand.
An hayi tout moun.,Je déteste tout le monde.
An ja éséyé wòb-la.,J'ai déjà essayé la robe.
An jalou.,Je suis jaloux.
An k'ay bò d'lanmè.,Je vais à la plage.
An k'ay bòdlanmè.,Je vais à la plage.
An k'ay laga pwan twen-la.,Je vais à la gare pour prendre le train.
An k'ay lèstasyon pwan twen-la.,Je vais à la gare pour prendre le train.
An k'ay manjé on sitwon.,Je vais manger un citron.
An k'ay najé toulé jou.,Je vais nager chaque jour.
An ka bwè.,Je bois.
An ka chwazi lenj an mwen asi katalòg.,Je choisis mes vêtements sur catalogue.
An ka chèché on bijoutri.,Je cherche une bijouterie.
An ka chèché on bouchri.,Je cherche une boucherie.
An ka chèché on boulanjri.,Je cherche une boulangerie.
An ka chèché on boutik a joujou pou timoun.,Je cherche un magasin de jouets.
An ka chèché on boutik a lenj.,Je cherche un magasin de vêtements.
An ka chèché on boutik a soulyé.,Je cherche un magasin de chaussures.
An ka chèché on boutik.,Je cherche un magasin.
An ka chèché on chèl.,Je cherche une station-service.
An ka chèché on fanmasi.,Je cherche une pharmacie.
An ka chèché on lolo.,Je cherche une épicerie.
An ka chèché on machann pwason.,Je cherche un poissonnier.
An ka chèché on machann sòwbé.,Je cherche un glacier.
An ka chèché on parfumri.,Je cherche une parfumerie.
An ka chèché on sant komèwsyal.,Je cherche un centre commercial.
An ka chèché on sipèrmawché.,Je cherche un supermarché.
An ka chèché on timawché.,Je cherche un marchand de fruits et légumes.
An ka chèché sé nonm-la.,Je cherche les hommes.
An ka chèché travay.,Je cherche du travail.
An ka chèché zanmi.,Je cherche des amis.
An ka fè manjé èvè lywil zoliv.,Je cuisine à l'huile d'olive.
An ka hayi yo.,Je les déteste.
An ka jwé.,Je joue.
An ka kenbé.,Je tiens le coup.
An ka kouwi.,Je cours.
An ka kwè mwen agou a-y.,Tu me plais.
An ka lavé chimiz-la.,Je lave la chemise.
An ka lavé lenj an mwen chak jou.,Je lave mes habits chaque jour.
An ka lavé mwen.,Je me lave.
"An ka li, ou ka ékwi.",Je lis; tu écris.
An ka limé blan balenn la.,J'allume la bougie.
An ka makiyé mwen.,Je me maquille.
An ka makiyé.,Je me maquille.
An ka manjé on kiwi.,Je mange un kiwi.
An ka manjé on konkonm.,Je mange un concombre.
An ka manjé on ponm.,Je mange une pomme.
An ka manjé on sandouch.,Je suis en train de manger un sandwich.
An ka manjé on sitwon.,Je mange un citron.
An ka manjé on sòwbé vanni.,Je mange une glace à la vanille.
An ka manjé on sòwbé.,Je mange une glace.
An ka manjé on yarout.,Je mange un yaourt.
An ka manjé pen a lè a didiko-la.,Je mange du pain au petit-déjeuner.
An ka manjé pen.,Je mange du pain.
An ka manjé.,Je mange.
An ka palé ba'w.,Je te parle.
An ka pléwé toulé jou.,Je pleure chaque jour.
An ka pran on taksi pou rantré akaz.,Je prends un taxi pour rentrer.
An ka pèd souf.,Je suis à bout de souffle.
An ka rété Bastè.,J'habite en Basse-Terre.
An ka rété Bayif.,J'habite à Baillif.
An ka rété Dézirad.,J'habite à la Désirade.
An ka rété Goubè.,J'habite à Gourbeyre.
An ka rété Granntè.,J'habite en Grande-Terre.
An ka rété Lapwent.,J'habite à Pointe-à-Pitre.
An ka rété Lésent.,J'habite aux Saintes.
An ka rété Marigalant.,J'habite à Marie-Galante.
An ka rété Senfwanswa.,J'habite à Saint-François.
An ka rété Senklòd.,J'habite à Saint-Claude.
An ka rété Twarivyè.,J'habite à Trois-Rivières.
An ka rété Zabim.,J'habite aux Abymes.
An ka rété Zabitan.,J'habite à Vieux-Habitants.
An ka sav.,Je sais.
An ka sonjé'w toultan.,Je pense à toi tout le temps.
An ka sonjé'w.,Je pense à toi.
An ka sonjé'y chak jou.,J'y pense chaque jour.
An ka vin.,Je viens.
An ka wazé mwen chak jou.,Je me rase chaque jour.
An ka wouvini.,Je reviens.
An konmansé konpwann.,Je commence à comprendre.
An konstipé.,Je suis constipé.
An kontan ou enmé zanmi an mwen.,Je suis heureux que vous aimiez mes amis.
An kontan poul.,J'aime le poulet.
An kontan'w.,Je t'aime !
An kontan.,Je suis heureux.
An ké alé lè yo ka wouvini isit.,Je m'en irai lorsqu'ils reviendront ici.
An ké dwésé'w.,Je vais te faire marcher droit.
An ké gannyé sa.,J'achèterai ça.
An ké manjé on gato.,Je mangerai un gâteau.
An ké manjé on kiwi.,Je mangerai un kiwi.
An ké manjé on ponm.,Je mangerai une pomme.
An ké manjé on sitwon.,Je mangerai un citron.
An ké manjé.,Je mangerai.
An ké pòté on ti pwason ba zòt.,Je vous apporterai un peu de poisson.
An ké éséyé.,J'essaierai.
An kòlè.,Je suis en colère.
An las !,Je suis fatigué !
"An livè, lapli ka tonbé on chay toulé jou.","En hiver, il pleut beaucoup chaque jour."
"An livè, lapli ka tonbé onlo toulé jou.","En hiver, il pleut beaucoup chaque jour."
"An livè, lapli ka tonbé onpil chak jou.","En hiver, il pleut beaucoup chaque jour."
An lévé a sétè d'maten.,Je me suis reveillé à sept heures du matin.
An malad a wòb-lasa.,Cette robe me plaît énormément.
An malad.,Je suis malade.
An manjé on ponm.,Je mangeais un kiwi.
An manjé on sandouch.,Je mangeais un sandwich.
An manjé pen.,J'ai mangé du pain.
An manjé.,J'ai mangé.
An manké avyon-la.,J'ai raté l'avion.
An mayé.,Je suis marié.
An mwen gwan pasé yo.,Je suis plus grand qu'eux.
An mwen gwan pasé zòt.,Je suis moins grand que vous.
An mwen gwan pasé'w.,Je suis moins grand que toi.
An ni disètan.,J'ai dix-sept ans.
An ni dizan.,J'ai dix ans.
An ni diznèvan.,J'ai dix-neuf ans.
An ni dizywitan.,J'ai dix-huit ans.
An ni douzan.,J'ai douze ans.
An ni dé frè é twa sè.,J'ai deux frères et trois sœurs.
An ni dé frè.,J'ai deux frères.
An ni dézan.,J'ai deux ans.
An ni karanndézan.,J'ai quarante-deux ans.
An ni karantan.,J'ai quarante ans.
An ni katran.,J'ai quatre ans.
An ni katòzan.,J'ai quatorze ans.
An ni kenzan.,J'ai quinze ans.
An ni nèvan.,J'ai neuf ans.
An ni on chival blan.,J'ai un cheval blanc.
An ni on frè é dé sè.,J'ai un frère et deux sœurs.
An ni on gwo né.,J'ai un gros nez.
An ni on kansè.,J'ai un cancer.
An ni on lagrip.,J'ai un rhume.
An ni on lagwip.,J'ai un rhume.
An ni on téléfòn nèf.,J'ai un nouveau téléphone.
An ni onnan.,J'ai un an.
An ni onzan.,J'ai onze ans.
An ni san dòla an pòch an mwen.,J'ai cent dollars dans ma poche.
An ni san lanné.,J'ai cent ans.
An ni santan.,J'ai cent ans.
An ni senk dòla an pòch an mwen.,J'ai cinq dollars dans ma poche.
An ni senkan.,J'ai cinq ans.
An ni senkant éwo an pòch an mwen.,J'ai cinquante euros dans ma poche.
An ni senkantan.,J'ai cinquante ans.
An ni senkantéennan.,J'ai cinquante et un ans.
An ni sizan.,J'ai six ans.
An ni swansantéennan.,J'ai soixante et un ans.
An ni swasanndézan.,J'ai soixante-deux ans.
An ni swasanntwazan.,J'ai soixante-trois ans.
An ni swasantéonzan.,J'ai soixante et onze ans.
An ni sètan.,J'ai sept ans.
An ni sèz éwo an pòch an mwen.,J'ai seize euros dans ma poche.
An ni sèzan.,J'ai seize ans.
An ni timoun.,J'ai des enfants.
An ni tranndézan.,J'ai trente-deux ans.
An ni trantan.,J'ai trente ans.
An ni trèzan.,J'ai treize ans.
An ni twa frè.,J'ai trois frères.
An ni twa éwo an pòch an mwen.,J'ai trois euros dans ma poche.
An ni twantéennan.,J'ai trente et un ans.
An ni twazan.,J'ai trois ans.
An ni venndézan.,J'ai vingt-deux ans.
An ni venntwazan.,J'ai vingt-trois ans.
An ni ventan.,J'ai vingt ans.
An ni ventéennan.,J'ai vingt et un ans.
An ni ywitan.,J'ai huit ans.
An nou akaz !,Allons chez moi !
An nou akaz a'w !,Allons chez toi !
An nou akaz a'y !,Allons chez lui !
An nou alé oti avoka la !,Allons consulter l'avocat !
An nou ay !,Allons-y !
An nou bat !,Travaillons !
An nou bwè !,Buvons !
An nou bwè.,Buvons.
An nou dòmi !,Dormons !
An nou jwé.,Jouons.
An nou koumansé !,Débutons !
An nou li.,Lisons.
An nou limé blan balenn la.,Allumons la bougie.
An nou limé bouji la.,Allumons la bougie.
An nou lévé.,Levons-nous.
An nou manjé.,Mangeons.
An nou palé !,Parlons !
An nou palé anglé.,Parlons anglais.
An nou pwiyédyé !,Prions !
An nou pòté mannèv !,Dépêchons-nous !
An nou twavay !,Travaillons !
An nou wété la.,Restons-y.
An pa enmé jé-lasa.,Je n'aime pas ce jeu.
An pa enmé navé.,Je n'aime pas les navets.
An pa jalou.,Je ne suis pas jaloux.
An pa k'ay ankò !,Je n'irai plus !
An pa ka konpwann.,Je ne comprends pas.
An pa ka mangé.,Je ne suis pas en train de manger.
An pa ka pwan sa pou moun anmèwdé mwen.,Je n'accepte pas qu'on m'embête.
An pa ka tann.,Je ne veux rien entendre.
An pa ka vwè.,Je ne veux rien voir.
An pa la.,Je m'en vais.
An pa manjé.,Je n'ai pas mangé.
An pa moun isit.,Je ne suis pas d'ici.
An pa ni bon souvènans a'y.,Je n'ai pas gardé un bon souvenir de lui.
An pa sa fè sa.,Je ne sais pas le faire.
An pa sav o yo yé.,Je ne sais pas où ils sont.
An pa sav ola yo yé.,Je ne sais pas où ils sont.
An pa sav.,Je ne sais pas.
An pa té k'ay manjé.,Je n'allais pas manger.
An pa'a manjé.,Je ne suis pas en train de manger.
An pisimyé légim kri ki légim kuit.,Je préfère les légumes crus aux légumes cuits.
An pisimé anglé.,Je préfère l'anglais.
An pisimé chiwé biyé.,Je préfère divorcer.
An pisimé chiwé papyé.,Je préfère divorcer.
An pisimé chyen.,Je préfère les chiens.
An pisimé divòsé.,Je préfère divorcer.
An pisimé kafé.,Je préfère le café.
An pisimé li.,Je préfère lire.
An pisimé maché.,Je préfère marcher.
An pisimé nwè la.,Je préfère le noir.
An pisimé nèg la.,Je préfère le nègre.
An pisimé twépasé.,Je préfère mourir.
An pisimé wouj la.,Je préfère le rouge.
An pisimé'y kon sa.,Je le préfère ainsi.
An piti.,Je suis petit.
An pli gwan pasé'w.,Je suis plus grand que toi.
An pwisi'w.,Je suis amoureux de toi.
An pè.,J'ai peur.
An pèd alyans an mwen.,J'ai perdu mon alliance.
An pèd fil an mwen.,Je ne sais plus ce que je voulais dire.
"An pèd on koté soulyé, sèten yo kaché i.",J'ai perdu une chaussure ; je suis sûr qu'on l'a cachée.
An pèd on koté soulyé.,J'ai perdu une chaussure.
An pé enmé.,Je peux aimer.
An pé ké manjé.,Je ne mangerai pas.
An pé pa fè sa démen.,Je ne peux pas faire ça demain.
An pé pa tann li.,Je ne peux pas l'entendre.
"An pé pa, an ja ni mo.","Je ne peux pas, j'ai déjà rendez-vous."
An pé'é manjé.,Je ne mangerai pas.
"An santi on gout lapli, an k'ay kaché.","J'ai senti une goutte de pluie, je vais m'abriter."
An sav la i yé.,Je sais où il est.
An sav la nou yé.,Je sais où nous sommes.
An swèf.,J'ai soif.
An sé moun Ayiti.,Je suis d'Haïti.
An sé moun Dominik.,Je suis de Dominique.
An sé moun Fwans.,Je suis français.
An sé moun Gwadloup.,Je suis guadeloupéen.
An sé moun Matinik.,Je suis martiniquais.
An sé moun isi.,Je suis d'ici.
An sé on chantè.,Je suis chanteur.
An sé on chantèz.,Je suis chanteuse.
An sé on dansè.,Je suis danseur.
An sé on dansèz.,Je suis danseuse.
An sé on najè.,Je suis nageur.
An sé on najèz.,Je suis nageuse.
An sé on ékwiven.,Je suis écrivain.
An sòti manjé on falafèl.,Je viens de manger un falafel.
An sòti manjé.,Je viens de finir de manger.
An sòti twapé on lidé.,Je viens d'avoir une idée.
An twis san vou.,Je suis triste sans toi.
An té enmé zòt.,Je vous aimais.
An té enmé'w.,Je t'aimais.
An té enmé'y.,Je l'aimais.
An té fen.,J'avais faim.
An té k'ay manjé.,J'allais manger.
An té ka chaché Anndi. Ès ou sav ki koté i yé ?,Je cherchais Andy. Sais-tu où il est ?
An té ké manjé on chival.,Je pourrais manger un cheval.
An té ké manjé on chouval.,Je pourrais manger un cheval.
An té ké vlé mandé'w on sèvis.,Je voudrais te demander un service.
An té ké vlé rézèwvé on chanm.,Je voudrais réserver une chambre.
An vivan.,Je suis en vie.
An vlé achté on kado ban Tòm.,Je veux acheter un cadeau pour Tom.
An vlé gannyé on kado ban Tòm.,Je veux acheter un cadeau pour Tom.
An vwè bato ka pasé o fon-la.,J'ai vu de frands bateaux passer au large.
An vé pa ay lékòl.,Je ne veux pas aller à l'école.
Anarchis vlé krazé tout biten.,Les anarchistes veulent tout détruire.
"Anbalaj-la pa té bon, ni dé vè ki kasé.","L'emballage était défectueux, il y a deux verres de cassés."
"Anhan, dé.","Oui, deux."
"Anhan, poukisa ?","Oui, pourquoi ?"
Anhan.,Oui.
Anhan. Mèsi.,Oui. Merci.
Anj-la vin di Mari bonjou.,L'ange vint saluer Marie.
Anki vou pé fè sa ban mwen.,Toi seul peux faire ça pour moi.
Ankò.,Encore une fois.
Anmwé !,Au secours !
Annou chanté !,Chantons !
Aoyi ka dansé.,Aoi danse.
"Apatoudi di an ké fè, sé an ka fè.","Il ne suffit pas de dire je ferai, il faut le faire."
Apawèy-lasa two konpliké ban mwen.,Cet appareil photo est trop sophistiqué pour moi.
Apawèy-lasa two konpliké pou mwen.,Cet appareil photo est trop sophistiqué pour moi.
"Apwé manjé-la, an toujou ka manjé on fwi.","Après le repas, je mange toujours un fruit."
"Apwé manjé-la, mwen toujou manjé on fwi.","Après le repas, je mange toujours un fruit."
Asasinè !,Meurtrier !
Asipawé i malad.,On dirait qu'il est malade.
Asipawé ou malad.,On dirait que tu es malade.
Asipawé yo malad.,On dirait qu'ils sont malades.
Asipawé zò malad.,On dirait que vous êtes malades.
Asipawé zòt malad.,On dirait que vous êtes malades.
Asipozé an pa vlé vin.,Supposons que je ne veuille pas venir.
Asipozé i pa vlé vin.,Supposons qu'elle ne veuille pas venir.
Asipozé i pa vlé vini.,Supposons qu'elle ne veuille pas venir.
Asipozé mwen pa vlé vini.,Supposons que je ne veuille pas venir.
Asipozé ou pa vlé vin.,Supposons que tu ne veuilles pas venir.
Asipozé ou pa vlé vini.,Supposons que tu ne veuilles pas venir.
Asipozé yo pa vlé vin.,Supposons qu'ils ne veuillent pas venir.
Asipozé yo pa vlé vini.,Supposons qu'ils ne veuillent pas venir.
Aséfyé !,Grâce !
Aséfyé.,Pouce.
Avan an té enmé'w.,Autrefois je t'aimais.
Avan mwen té enmé'w.,Autrefois je t'aimais.
Avyon-la tonbé.,L'avion s'est écrasé.
Awa !,Non !
"Awa, pa fè sa !","Non, ne fais pas ça !"
Ay !,Aïe !
Ay dòmi !,Va dormir !
Ay tou dwèt !,Continuez tout droit !
Ayen pa ka fè pitit.,Rien ne se fait sans rien.
Ayen.,Rien.
Ayenki lanmò ki pa ni wimèd.,Seule la mort est irrémédiable.
Ayenn a fè !,Rien à faire !
Ayisyen débaké Mawi-Galant.,Des Haïtiens ont débarqué à Marie-Galante.
Ba Jàn boutèy-lasa.,Donne cette bouteille à Jeanne.
Ba andsou !,La barre sous le vent !
Ba i !,Rosse-le !
Ba i adan i !,Donne-lui en.
Ba i adan i.,Donne-lui en.
Ba i balan !,Donne-lui de l'élan !
Ba i ta papa !,Donne-lui celui de papa !
Ba i tan manman !,Donne-lui celui de maman !
Ba kò a'w bann.,Dépêche-toi.
Ba kò a'w pòté mannèv.,Dépêche-toi.
Ba papa sa !,Donne ça à papa !
Ba yo chèz-la.,Donne-leur la chaise.
Ba yo on palkondywit.,Accompagne-les.
Ba yo pen-la.,Donne-leur le pain.
"Ba yo pyé, yo ka pwan men.","Donnez-leur le pied, ils prennent la main."
Ba yo sak-lasa.,Donne-leur ce sac.
Ba yo sé liv-la.,Donne-leur les livres.
Ba yo téléfòn-la.,Donne-leur le téléphone.
Ba Èstéfann ponm-la.,Donne la pomme à Stéphane.
Ba'y adan'y !,Donne-lui en.
Ba'y balan !,Donne-lui de l'élan !
Ba'y landòmi.,Donnez-lui l'anesthésie.
Ba'y li !,Donne-le lui !
Ba'y on palkondywit.,Accompagne-le.
Ba'y ta papa !,Donne-lui celui de papa !
Ba'y tan manman !,Donne-lui celui de maman !
Bab a misyé la blan.,Le monsieur a la barbe blanche.
Babilòn la adan on loto.,Le flic est dans une voiture.
Bagaj an mwen paré.,Mes bagages sont prêts.
"Bak-la plen, pa ni plas pou sé tomat lasa.","Le bac du réfrigérateur est plein, il n'y a pas de place pour ces tomates."
"Balans a'w pa bon, madanm.","Votre balance n'est pas juste, madame."
Ban manman li !,Donne-le à maman !
Ban manman sa !,Donne ça à maman !
Ban mwen abajou-la.,Donne-moi l'abat-jour.
Ban mwen abajou-lasa.,Donne-moi cet abat-jour.
Ban mwen boutèy-la.,Donne-moi la bouteille.
Ban mwen bwèt-la.,Donne-moi la boîte.
Ban mwen bwèt-lasa.,Donne-moi cette boîte.
Ban mwen diksyonnè-la.,Donne-moi le dictionnaire.
Ban mwen fomaj-la.,Donne-moi le fromage.
Ban mwen fouchèt-la.,Donne-moi la fourchette.
Ban mwen fè on kawé bisiklèt !,Laisse-moi faire un tour de vélo !
Ban mwen i.,Donne-le-moi.
Ban mwen kayé-la.,Donne-moi le cahier.
Ban mwen kouto-la.,Donne-moi le couteau.
Ban mwen kyouyè-la.,Donne-moi la cuillère.
Ban mwen kywiyè-la.,Donne-moi la cuillère.
Ban mwen li !,Donne-le moi !
Ban mwen liv-la.,Donne-moi le livre.
Ban mwen mont a'w.,Passe-moi ta montre.
Ban mwen on pa bonbon souplé.,"Donne-moi une part de gâteau, s'il te plaît."
Ban mwen on pa bonbon.,Donne-moi une part de gâteau.
Ban mwen on pal.,Aide-moi.
"Ban mwen on tibo, dé tibo, twa tibo, doudou.","Donne-moi un baiser, deux baisers, trois baisers, chérie."
Ban mwen pen-la.,Donne-moi le pain.
Ban mwen salad-la.,Donne-moi la salade.
Ban mwen sèl-la.,Donne-moi le sel.
Ban mwen sé chèz-la.,Donne-moi les chaises.
Ban mwen sé fouchèt-la.,Donne-moi les fourchettes.
Ban mwen sé kayé-la.,Donne-moi les cahiers.
Ban mwen ti fwi la.,Donne-moi le petit fruit.
Ban mwen ti fwi lasa.,Donne-moi ce petit fruit.
Ban mwen ti kayé la.,Donne-moi le cahier.
Ban mwen ti kayé lasa.,Donne-moi ce petit cahier.
Ban mwen ti liv la.,Donne-moi le petit livre.
Ban mwen ti liv lasa.,Donne-moi ces petits livres.
Ban mwen ti pen lasa.,Donne-moi ce petit pain.
Ban mwen vè-la.,Donne-moi le verre.
Ban nou li !,Donne-le nous !
Ban'y liv-la.,Donne-lui le livre.
Ban'y liv-lasa.,Donne-lui ce livre.
Ban'y sé liv-la.,Donne-lui les livres.
Bato-la ka koulé.,Le bateau coule.
Bato-la koulé adan on batzyé.,Le bateau a coulé en un clin d'œil.
Bay waka !,Applaudissez !
Bi !,But !
Bilal gwan pasé Kawam.,Bilal est plus grand que Karam.
Bilal pli gwan ki Kawam.,Bilal est plus grand que Karam.
Bilal pli gwan pasé Kawam.,Bilal est plus grand que Karam.
Bliyé !,Oublie !
Bliyé'y.,Oublie-le.
Bon Nwèl !,Joyeux Noël !
Bon fèt !,Bon anniversaire !
Bon fèt Pak !,Joyeuses Pâques !
Bon lannywit !,Bonne nuit !
Bondyé enmé'w.,Dieu t'aime.
Bonjou !,Bonjour !
Bonjou ! Non an mwen sé Tòm.,Bonjour ! Je m'appelle Tom.
Bonjou ! Tinon an mwen sé Tòm !,Bonjour ! Je m'appelle Tom.
Bonjou Chikago !,"Bonjour, Chicago !"
Bonjou Mayk.,"Bonjour, Mike."
Bonjou Tòm.,"Bonjour, Tom."
Bonjou konpè ! Ka sa yé ?,Bonjour mon ami ! Comment ça va ?
Bonjou manmzèl !,Bonjour Mademoiselle !
Bonjou misyé !,Bonjour Monsieur !
"Bonjou, ka'w fè ?","Bonjour, comment allez-vous ?"
"Bonjou, non an mwen sé Mayk.","Salut, je m'appelle Mike."
"Bonjou, non an mwen sé Tòm !","Salut, je m'appelle Tom !"
"Bonjou, tinon an mwen sé Mayk.","Salut, je m'appelle Mike."
"Bonjou, tinon an mwen sé Tòm !","Salut, je m'appelle Tom !"
Bonjou.,Bonjour.
Bonswa !,Bonsoir !
Bonswa Chikago,Bonsoir Chicago.
Bonswa madanm !,Bonsoir Madame !
Bonswa misyé !,Bonsoir monsieur !
Bonswa mésyézédanm !,Bonsoir Mesdames et Messieurs !
"Bonswa, ka ou fè ?","Bonsoir, ça va ?"
Bonswè !,Bonsoir !
Bonswè Chikago.,Bonsoir Chicago.
Bonswè madanm !,Bonsoir Madame !
Bonswè misyé !,Bonsoir monsieur !
Bonswè mésyézédanm !,Bonsoir Mesdames et Messieurs !
"Bonswè, ka ou fè ?","Bonsoir, ça va ?"
Bonswè.,Bonsoir.
Boug-la anba on pyé mango ka pran frèché.,L'homme est sous un manguier à prendre le frais.
Boug-la anba on pyé mango ka pwan frèché.,L'homme est sous un manguier à prendre le frais.
Bousòl ka di ou nò-la yé.,La boussole indique le nord.
Bousòl-la ka di ou nò-la yé.,La boussole indique le nord.
"Byenbonjou, non an mwen sé Tina.","Bonjour, je m'appelle Tina."
"Byenbonjou, tinon an mwen sé Tina.","Bonjour, je m'appelle Tina."
Byenvini !,Bienvenue !
Byenvini.,Bienvenue.
Bè-la fonn an bwèt-la.,Le beurre a fondu dans la boîte.
Bèt an mwen pa ni dlo.,Mes animaux n'ont rien à manger.
Bésé mizik-la !,Baisse la musique !
Chaché !,Cherche !
Chanm a'w gwan pasé tan mwen.,Votre chambre est plus grande que la mienne.
Chanm a'w pli gwan ki tan mwen.,Votre chambre est plus grande que la mienne.
Chanm a'w pli gwan pasé tan mwen.,Votre chambre est plus grande que la mienne.
Chanté !,Chante !
"Chanté ba on bouwikèt, sé kaka i ké ba'w.","Chantez pour un âne, il vous donnera des crottes."
Chat !,Chat !
Chwazi !,Choisis !
Chyen-la mòdé i.,Le chien l'a mordu.
Dakò.,D'accord.
Dansé !,Danse !
Dibout !,Debout !
Dibout.,Debout.
"Dis, onz, douz, twèz, katòz, kenz, sèz, disèt, dizywit, diznèf, ven.","Dix, onze, douze, treize, quatorze, quinze, seize, dix-sept, dix-huit, dix-neuf, vingt."
"Dis, ven, trant, karant, senkant, swasant, swasanndis, katrèven, katrèven-dis, san.","Dix, vingt, trente, quarante, cinquante, soixante, septante, huitante, nonante, cent."
Dlo-la fon.,L'eau est profonde.
Doubout !,Debout !
Doubout oka.,Tiens-toi prêt.
Doubout.,Debout.
Dàn k'ay koumansé.,Dan va commencer.
Dèbou.,Debout.
Dèbout !,Debout !
Désiné on mouton ban mwen.,Dessine-moi un mouton.
Désiné on mouton ban mwen...,Dessine-moi un mouton...
Dòmi !,Dors !
Eskizé mwen.,Excuse-moi.
"Fanm kréyòl an mouvman : isidan, toupatou, toulè, yè, jòdi é dèmen.","La femme créole en action : ici, ailleurs et en tout temps."
Fim-lasa ka fè yo pè.,Ce film leur fait peur.
Fiyèl a papa'w ka voyé bonjou ba'w.,Le filleul de ton père te passe le bonjour.
Fo ou di yo sa.,Il faut que tu le leur dises.
Fo ou di'y sa.,Il faut que tu le lui dises.
Fo zòt wou-alé ankò.,Il vous faut y aller de nouveau.
Fo'w wouvini.,Il faut que tu reviennes.
Fout i lèd !,Qu'il est moche !
Fout sa bèl !,Que c'est beau !
Fè ba !,Fais un bisou !
Fè pyé a'w !,Tire-toi !
Fè sa ba manman !,Fais ça pour maman !
Fè sa pou manman !,Fais ça pour maman !
Fò gouvèlman kouté nou.,Le gouvernement doit nous écouter.
Fò ou ajisté pòt-la !,Il faut que tu ajustes la porte.
Gadé !,Regarde !
Gadé'w !,Regarde-toi !
Gidé mwen.,Guide-moi.
Gounouy ka manjé tibèt.,Les grenouilles mangent des insectes.
Gouté manjé-la pou vwè si i ni bon sèl !,Goûte pour voir si c'est assez salé !
"Ho-palè-la kasé, nou pa ka tann ayen.","Le haut-parleur est cassé, on n'entend rien."
"Ho-palè-la kasé, nou pa'a tann ayen.","Le haut-parleur est cassé, on n'entend rien."
Hélé !,Criez !
I achté on fétou an alimignòm.,Elle a acheté un fait-tout en aluminium.
I alzé i ka fè.,Il roule les mécaniques.
I anho an nou tout.,Il est notre supérieur.
I anlè balkon a'y.,Il est sur son balcon.
I anvyolé mwen.,Il m'a violé.
I apach.,Il est radin.
I asasou.,Il est radin.
I asi kouch la.,Il est sur le lit.
I balansé sèk a'y an gèl a'y.,Il s'envoya un petit rhum derrière la cravate.
I chanjé.,Il a changé.
I chyé alakous.,Il prit ses jambes à son cou.
I dizè.,Il est dix heures.
I dézè.,Il est deux heures.
I enmé Mawi.,Elle aimait Marie.
I enmé chanté.,Elle aime chanter.
I enmé chasé.,Il aime chasser.
I enmé dòmi.,Elle aime dormir.
I enmé kouwi.,Elle aime courir.
I enmé li.,Il aime lire.
I enmé najé.,Il aime nager.
I enmé nou.,Il nous aime.
I enmé péché.,Il aime pêcher.
I enmé'w.,Il t'aime.
I enmé'y.,Il l'aime.
I fonsé dé klou an poto-la.,Il enfonce deux clous dans le poteau.
I foukan kawata.,Il s'est enfui à toute vitesse.
I fè mwen pèd fil an mwen.,Il m'a fait perdre le fil de mes idées.
I fè sa pa méchansté.,Il l'a fait exprès.
I fèt avèg.,Il est aveugle de naissance.
I gwan pasé fwè a'y.,Il est plus grand que son frère.
I gwan pasé mwen.,Il est plus grand que moi.
I gwan pasé papa a'y.,Il est plus grand que son père.
I gwan pasé'y.,Elle est plus grande que lui.
I ka ba bèf bwè.,Il fait boire les bœufs.
I ka bwè.,Il boit.
I ka chasé lapen.,Il chasse le lapin.
I ka chèché travay.,Il cherche du travail.
I ka di tout moun papa a i sé on avyatè.,Il dit à tout le monde que son père est aviateur.
I ka enmé'y.,Elle l'aime.
I ka jwé.,Il joue.
I ka kouwi.,Il court.
I ka lavé jip a'y.,Elle lave sa jupe.
I ka lavé loto a'y.,Il lave sa voiture.
I ka lavé loto-la.,Il lave la voiture.
I ka lavé'y.,Il se lave.
I ka li on liv adan chanm a'y.,Il lit un livre dans sa chambre.
I ka limé blan balenn la.,Il allume la bougie.
I ka limé bouji-la.,Il allume la bougie.
I ka manjé on sòwbé vanni.,Il mange une glace à la vanille.
I ka manjé on sòwbé.,Il mange une glace.
I ka manjé.,Il est en train de manger.
I ka manti.,Il ment.
I ka mèt an lidé a'y sa i k'ay fè apwé.,Il imagine ce qu'il fera plus tard.
I ka najé adan lawivyè la.,Il nage dans la rivière.
I ka najé an wivyè la.,Il nage dans la rivière.
I ka palé awab.,Il parle l'arabe.
I ka palé.,Il est en train de parler.
I ka pwiyédyé chak jou.,Il prie chaque jour.
I ka pwiyédyé toulé jou.,Il prie chaque jour.
I ka pòté anlo lò.,Elle porte beaucoup de bijoux.
I ka rété anlè mòn la.,Il habite sur la colline.
I ka touché lajan anba-fèy.,Il touche de l'argent en secret.
I ka vini anflé.,Il enfle.
I ka wété Outsiplou.,Il habite à Outsiplou.
I ka wété kotésit.,C'est ici qu'il habite.
I ka éséyé.,Il essaye.
I kaché'y anba tab la.,Elle s'est cachée sous la table.
I kasé bwa a'y.,Il s'est cassé le bras.
I kasé lanmen a'y.,Il s'est cassé la main.
I kasé men a'y.,Il s'est cassé la main.
I katwè.,Il est quatre heures.
I ké manjé.,Il mangera.
I ké vin dèmen.,Il viendra demain.
I ké vini dèmen.,Il viendra demain.
I ké woté yo anba men a moun ki ka pwofité si yo é anba vyolans.,Il les libérera de l'oppression et de la violence.
I ké wouvini.,Il reviendra.
I kòlè davwa ou pati.,Il est fâché car tu es parti.
I kòlè padavwa ou pati.,Il est fâché car tu es parti.
I maké kat bi an match-la.,Il a marqué trois buts pendant le match.
I malad a fanm-la.,Il est fou de cette femme.
I malad.,Il est malade.
I mandé ki moun Èstéfann yé.,Il demanda qui était Stéphane.
I manjé.,Il a mangé.
I mi pa fòs.,On l'a forcé à mûrir.
I mwen gwan ki mwen.,Il est moins grand que moi.
I mwen gwan ki nou.,Il est plus grand que nous.
I mwen gwan ki yo.,Il est plus grand qu'eux.
I mwen gwan ki zòt.,Il est plus grand que vous.
I mwen gwan ki'w.,Il est moins grand que toi.
I mwen gwan pasé mwen.,Il est moins grand que moi.
I mwen gwan pasé nou.,Il est plus grand que nous.
I mwen gwan pasé zò.,Il est plus grand que vous.
I mwen gwan pasé'w.,Il est moins grand que toi.
I mwen gwan pasé'y.,Il est moins grand que lui.
I mwen pasé yo.,Il est plus grand qu'eux.
I ni dis lanné.,Il a dix ans.
I ni disèt lanné.,Il a dix-sept ans.
I ni disètan.,Il a dix-sept ans.
I ni diven.,Il a du vin.
I ni dizan.,Il a dix ans.
I ni diznèf lanné.,Il a dix-neuf ans.
I ni diznèvan.,Il a dix-neuf ans.
I ni dizywit lanné.,Il a dix-huit ans.
I ni dizywitan.,Il a dix-huit ans.
I ni douz lanné.,Il a douze ans.
I ni douzan.,Il a douze ans.
I ni dé gwo bajòl.,Elle a deux grosses bajoues.
I ni dé lanné.,Il a deux ans.
I ni dézan.,Il a deux ans.
I ni kat lanné.,Il a quatre ans.
I ni katwan.,Il a quatre ans.
I ni katwèven lanné.,Il a quatre-vingts ans.
I ni katwèvenen lanné.,Il a quatre-vingt-un ans.
I ni katwèvenennan.,Il a quatre-vingt-un ans.
I ni katòz lanné.,Il a quatorze ans.
I ni katòzan.,Il a quatorze ans.
I ni kawanndé lanné.,Il a quarante-deux ans.
I ni kawanndézan.,Il a quarante-deux ans.
I ni kawannkat lanné.,Il a quarante ans.
I ni kawanntwa lanné.,Il a quarante-trois ans.
I ni kawanntwazan.,Il a quarante-trois ans.
I ni kawant lanné.,Il a quarante ans.
I ni kawantan.,Il a quarante ans.
I ni kawantéen lanné.,Il a quarante-et-un ans.
I ni kawantéennan.,Il a quarante-et-un ans.
I ni kenz lanné.,Il a quinze ans.
I ni kenzan.,Il a quinze ans.
I ni lajan,Il a de l'argent.
I ni nèf lanné.,Il a neuf ans.
I ni nèvan.,Il a neuf ans.
I ni on gwo né.,Il a un gros nez.
I ni on kansè.,Il a un cancer.
I ni onz lanné.,Il a onze ans.
I ni onzan.,Il a onze ans.
I ni pwoblèm.,Il a des ennuis.
I ni san lanné.,Il a cent ans.
I ni santan.,Il a cent ans.
I ni senk lanné.,Il a cinq ans.
I ni senkan.,Il a cinq ans.
I ni sis lanné.,Il a six ans.
I ni sizan.,Il a six ans.
I ni swasanndis lanné.,Il a soixante-dix ans.
I ni swasanndizan.,Il a soixante-dix ans.
I ni swasant lanné.,Il a soixante ans.
I ni swasantan.,Il a soixante ans.
I ni sèt lanné.,Il a sept ans.
I ni sètan.,Il a sept ans.
I ni sèz lanné.,Il a seize ans.
I ni sèzan.,Il a seize ans.
I ni twa lanné.,Il a trois ans.
I ni twanndé lanné.,J'ai trente-deux ans.
I ni twanndézan.,J'ai trente-deux ans.
I ni twanntwa lanné.,Il a trente-trois ans.
I ni twanntwazan.,Il a trente-trois ans.
I ni twant lanné.,Il a trente ans.
I ni twantan.,Il a trente ans.
I ni twantéen lanné.,Il a trente-et-un ans.
I ni twantéennan.,Il a trente-et-un ans.
I ni twazan.,Il a trois ans.
I ni twèz lanné.,Il a treize ans.
I ni twèzan.,Il a treize ans.
I ni ven lanné.,Il a vingt ans.
I ni venndé lanné.,Il a vingt-deux ans.
I ni venndézan.,Il a vingt-deux ans.
I ni vennkat lanné.,Il a vingt-quatre ans.
I ni venntwa lanné.,Il a vingt-trois ans.
I ni venntwazan.,Il a vingt-trois ans.
I ni ventan.,Il a vingt ans.
I ni ventéen lanné.,Il a vingt-et-un ans.
I ni ventéennan.,Il a vingt-et-un ans.
I ni ywit lanné.,Il a huit ans.
I ni ywitan.,Il a huit ans.
I névè.,Il est neuf heures.
I pa enmé mwen.,Il ne m'aime pas.
I pa flanbo.,Il n'est pas brillant.
I pa gwan pasé mwen.,Il n'est pas plus grand que moi.
I pa ka konpwann ayen.,Il ne comprend rien.
I pa ka manjé.,Il ne mange pas.
I pa konprann hak.,Il n'a rien compris.
I pa kwè an Bondyé.,Elle ne croit pas en Dieu.
I pa manjé.,Il n'a pas mangé.
I pa ni entéré viré ankò.,Il n'a pas intérêt à revenir.
I pa on tèbè.,Il n'est pas idiot.
I pa pli gwan ki mwen.,Il n'est pas plus grand que moi.
I pa pli gwan pasé mwen.,Il n'est pas plus grand que moi.
I pa té k'ay manjé.,Il n'allait pas manger.
I pa'a manjé.,Il ne mange pas.
I pentiwé pòt la an blé.,Il a peint la porte en bleue.
I pli gwan ki mwen.,Il est plus grand que moi.
I pli gwan ki papa a'y.,Il est plus grand que son père.
I pli gwan pasé fwè a'y.,Il est plus grand que son frère.
I pli gwan pasé mwen.,Il est plus grand que moi.
I pli gwan pasé papa a'y.,Il est plus grand que son père.
I pli gwan pasé'y.,Elle est plus grande que lui.
I pran on katon wouj.,Il a eu un carton rouge.
I pwan pwa.,Il a pris du poids.
I pé ké manjé.,Il mangera.
I pé'é manjé.,Il mangera.
I rantré alvantis.,Il est devenu adventiste.
I senkè d'maten.,Il est cinq heures du matin.
I senkè.,Il est cinq heures.
I sizè.,Il est six heures.
I sé lanmou lavi an mwen.,Il est l'amour de ma vie.
I sé moun Fwans.,Il est français.
I sé moun isi ?,Est-il d'ici ?
I sé moun isi.,Il est d'ici.
I sé moun isit ?,Est-il d'ici ?
I sé moun isit.,Il est d'ici.
I sétè.,Il est sept heures.
I tonbé babap épi misyé.,Il est tombé nez à nez avec lui.
I toujou ka pléré.,Elle pleure tout le temps.
I twazè.,Il est trois heures.
"I tèlman kapon, i pa vlé sòti déyò lè swa.",Il est tellement froussard qu'il ne veut pas aller dehors le soir.
I té k'ay manjé.,Il allait manger.
"I té ni on boutik, mé sa ja anba dlo.","Il avait une boutique, mais elle a déjà fait faillite."
I té pléwé.,Elle pleurait.
I té tèlman an bab !,Il était dans un tel pétrin !
I vini !,Il est venu !
I vlé wivwè'y.,Elle veut le revoir.
I vlé wouvwè'y.,Elle veut le revoir.
I wonzè.,Il est onze heures.
"I woutouné dé men balan, men an pòch a'y.","Il retourna les mains vides, les mains dans les poches."
I ywitè.,Il est huit heures.
Ja ka ta.,Il se fait tard.
Ja lè pou pati.,Il est temps de partir.
Ja ta.,Il est tard.
Jako an mwen mò yè.,Mon perroquet est mort hier.
Jako an mwen twépasé yè.,Mon perroquet est mort hier.
Jan enmé Mawi.,Jean aime Marie.
Jandam-la fè mwen souflé adan alkotès.,Le gendarme m'a fait souffler dans l'alcootest.
Jandam-la fè'y souflé an balon.,Le gendarme l'a fait souffler dans l'alcootest.
Je suis moins grand que toi.,Je suis moins grand que toi.
"Jenn gason, ki lidé a'w èvè fi an mwen ?","Jeune homme, quelles sont tes intentions au sujet de ma fille ?"
Jwé'y.,Joue-le.
Jézi enmé zòt.,Jésus vous aime.
Jézi fè on chay miwak.,Jésus a fait de nombreux miracles.
Jézi vivan !,Jésus est vivant !
Ka Jéova ké fè ?,Que fera Jéhovah ?
Ka an ka sèvi'w ?,Qu'est-ce que je te sers ?
Ka fè cho.,Il fait chaud.
Ka fè dizè.,Il est dix heures.
Ka fè dézè.,Il est deux heures.
Ka fè fwèt.,Il fait froid.
Ka fè jou.,Il fait jour.
Ka fè katwè.,Il est quatre heures.
Ka fè lannywit.,Il fait nuit.
Ka fè nwè.,Il fait noir.
Ka fè névè.,Il est neuf heures.
Ka fè senkè.,Il est cinq heures.
Ka fè sizè.,Il est six heures.
Ka fè sètè.,Il est sept heures.
Ka fè twazè.,Il est trois heures.
Ka fè wonzè.,Il est onze heures.
Ka fè ywitè.,Il est huit heures.
Ka ki la ?,Qui est là ?
Ka ki yo ?,Qui sont-ils ?
Ka manké mwen azòt pou kann an mwen.,Je n'ai pas assez d'engrais azoté pour mes cannes à sucre.
Ka mwen ka sèvi'w ?,Qu'est-ce que je te sers ?
Ka nou dwèt fè ?,Que devons-nous faire ?
Ka ou annimé konsa ?,Pourquoi es-tu excité comme ça ?
Ka ou ka fè ?,Que faites-vous ?
Ka ou ka vwè ?,Que vois-tu ?
Ka pou fè ?,Que faire ?
Ka pou nou fè ?,Que faire ?
Ka rété dé kilomèt avan rivé-la.,Il reste deux kilomètres avant l'arrivée.
Ka sa vlé di ?,Qu'est-ce que ça veut dire ?
Ka sa yé ?,Qu'est-ce que c'est ?
Ka sé asistan ministéryèl la ka fè ban nou ?,Que font les assistants ministériels pour nous ?
Ka zòt ka chèché ?,Que cherches-tu ?
Ka « Tatoeba » vlé di ?,Que signifie « Tatoeba » ?
Kapital a Lafwans sé Pawi.,"La capitale de la France, c'est Paris."
Karib té ni ak.,Les indiens Caraïbes avaient des arcs.
"Kawo-la two cho, ou ké bwilé lenj-la.","Le fer est trop chaud, tu vas brûler le linge."
Kawousi a vwati la wouyé onlo.,La carrosserie de la voiture est toute rouillée.
Kaz !,Maison !
Kaz an mwen gwan pasé ta'w.,Ma maison est plus grande que la tienne.
Kaz an mwen pli gwan ki ta'w.,Ma maison est plus grande que la tienne.
Kaz an mwen pli gwan pasé ta'w.,Ma maison est plus grande que la tienne.
Kaz la a'y.,La maison lui appartient.
Kaz-la toujou penpan.,La maison est toujours propre.
Ki bakannal ésa !,Qu'est-ce que c'est que ce tapage !
Ki biten ou vlé mandé mwen Èstéfann ?,"Que veux-tu me demander, Stéphane ?"
Ki chimiz ou achté ?,Quelle chemise as-tu achetée ?
Ki chyen ki mòdé'w ?,Quel chien t'a mordu ?
Ki gwad a'w ?,Quel est ton grade ?
Ki jan yo ka di... ?,Comment dit-on ... ?
Ki koté i dwèt ay ?,Où doit-elle aller ?
Ki koté manman yé ?,"Elle est où, maman ?"
Ki koté mwen pé achté ponm ?,Où puis-je acheter des pommes ?
Ki koté nou yé ?,Où sommes-nous ?
Ki koté ou fèt ?,Où es-tu né ?
Ki koté ou ka wété ?,Où habites-tu ?
Ki koté ou té pasé ?,Où étais-tu passé ?
Ki laj-ou ?,Quel âge as-tu ?
Ki lidé a'w èvè fi an mwen ?,Quelles sont tes intentions au sujet de ma fille ?
Ki lè i yé ?,Quelle heure est-il ?
Ki moun i Kwistann ?,Qui est Christiane ?
Ki moun i Èstéfann ?,Qui est Stéphane ?
Ki moun ki di'w sa?,Qui t'a dit cela ?
Ki moun ou enmé ?,Qui aimes-tu ?
Ki non a'w ?,Comment est-ce que tu t'appelles ?
Ki nouvèl a'w ?,Que deviens-tu ?
Ki nouvèl a'w Kwisyann ?,Que deviens-tu Christiane ?
Ki nouvèl a'w Mawi ?,Que deviens-tu Marie ?
Ki nouvèl a'w Tòm ?,Que deviens-tu Tom ?
Ki nouvèl a'w Èstéfann ?,Que deviens-tu Stéphane ?
Ki pwi a mayo-lasa ?,Combien coûte ce maillot de bain ?
Ki pwi a pantalon-lasa ?,Combien coûte ce pantalon ?
Ki pwi a soulyé-lasa ?,Combien coûtent ces chaussures ?
Ki pwoblèm a'w ?,De quoi je me mêle ?
Ki tan ka fè ?,Quel temps fait-il ?
Kibiten ésa ?,Qu'est-ce que c'est ?
Kijan ?,Comment ?
Kijan a'w ?,Comment vas-tu ?
Kijan ou ka vini ?,Quand viens-tu ?
Kijan ou touvé fim-la ?,Comment as-tu trouvé le film ?
Kijan ou touvé siléma-la ?,Comment as-tu trouvé le film ?
Kijan ou yé ?,Comment vas-tu ?
Kijan yo fè'y ?,Comment l'ont-ils fait ?
Kijan zòt fè ?,Comment faites-vous ?
Kilès ou pisimé ?,Lequel préfères-tu ?
Kilès pwan'y ?,Qui l'a pris ?
Kilès zòt pisimé ?,Laquelle préférez-vous ?
Kimoun ?,Qui ?
Kimoun ki bwè dlo-la ?,Qui a bu l'eau ?
Kitan ?,Quand ?
Kitan i ké vini ?,Quand viendra-t-elle ?
Kitan nou ka vwè ?,On se voit quand ?
Kitan ou ké vini ?,Quand viendras-tu ?
Kitan yo ké vini ?,Quand viendront-elles ?
Kitan zòt ké vini ?,Quand viendrez-vous ?
Klé-la anho a bifé-la.,La clef est sur le dessus du buffet.
Konmen timoun i ni ?,Combien d'enfants a-t-il ?
Konmen timoun i tini ?,Combien d'enfants a-t-il ?
Konmen timoun ou ni ?,Combien d'enfants as-tu ?
Konmen timoun ou tini ?,Combien d'enfants as-tu ?
Konmen timoun yo tini ?,Combien d'enfants ont-elles ?
Koulè lasa pa k'ay èvè'y.,Cette couleur ne lui va pas.
Koumansé !,Commence !
Koumansé.,Commencez.
Kouwi !,Cours !
Kwiyé mwen !,Appelle-moi !
Kwiyé'y.,Téléphone-lui.
Kwiyé.,Appelez.
Lajan pa ka achté lanmou.,L'argent ne fait pas le bonheur.
Lanmè-la ké ni gwo lanm.,Il y aura de la houle en mer.
Lannèj ka tonbé.,Il neige.
Lapen ni gwan zòwèy.,Les lapins ont de grandes oreilles.
Lapen ni zòwèy long.,Les lapins ont de longues oreilles.
Lapli ka tonbé.,Il pleut.
Lapli ké tonbé.,Il va pleuvoir.
Las plontonné lenj a'w.,Ne roule pas tes vêtements en boule.
Las plontonné lenj la.,Ne roule pas les vêtements en boule.
Latè a pa on zétwal.,La Terre n'est pas une étoile.
Latè sé pa on zétwal.,La Terre n'est pas une étoile.
Lavé biwo-la !,Lave le bureau !
Lavé pyé'w.,Lave tes pieds.
Li !,Lis !
Li.,Lis !
Limé blan balenn la.,Allume la bougie.
Limé bouji-la.,Allume la bougie.
Limé limyè-la.,Allume la lumière.
Liv la blan.,Le livre est blanc.
Loraj-la tonbé asi on pyébwa.,La foudre est tombée sur un arbre.
Loto a'y té nèf lè i kwazé'y.,Sa voiture était neuve lorsqu'il l'a bousillé.
Loto an mwen pran pann.,Ma voiture est en panne.
Loto-la pri adan on ma-labou.,La voiture s'est enlisée dans un bourbier.
Lous-la ka vansé si nou.,L'ours avance vers nous.
Lwi-la sé sans-la ka pèwmèt on moun tann.,L'ouïe est le sens qui permet d'entendre.
"Lè an té sòlda, an té adjidan.","Quand j'étais militaire, j'étais adjudant."
"Lè an vwè chyen-la, an chyé kouwi.","Quand j'ai vu le chien, j'ai pris mes jambes à mon cou."
"Lè chat pa la, wat ka bay bal.","Quand le chat n'est pas là, les souris dansent."
"Lè i vwè balan kòwòsòl ki té an pyé-la, i koumansé chanté.","Quand il vit la quantité de fruits sur le corossolier, il se mit à chanter."
"Lè i vwè chyen-la vin, i chyé bal.","Quand il a vu venir le chien, il s'est enfui à toutes jambes."
"Lè swa, i enmé balansé kò a'y anlè bèwsèz a'y.","Le soir, il aime se balader dans sa berceuse."
"Lé ni on mèt nèf, zélèv toujou ka éséyé'y.","Quand arrive un nouveau maître, les élèves le mettent toujours à rude épreuve."
"Lé ni on mèt néf, zélèv toujou ka éséyé-y.","Quand arrive un nouveau maître, les élèves le mettent toujours à rude épreuve."
"Lévé pyé a'w, ni timoun ka jwé-la !","Ralentissez, il y a des enfants qui jouent ici !"
Lévé'w.,Lève-toi.
Maché.,Marchez.
Madagaska sé on lilèt.,Madagascar est une île.
Madanm a i ka vann karòt anba marché.,Sa femme vend des carottes sous le marché couvert.
Madanm a i ka vann kawòt anba mawché.,Sa femme vend des carottes sous le marché couvert.
Manga mwen.,Fais attention à moi.
Manjé !,Mange !
Manman mwen ka fè machann anba laplas.,Ma mère est vendeuse au marché.
Manman mwen ka lavé lenj chak jou.,Ma mère lave les vêtements chaque jour.
Manman mwen ka lavé lenj toulé jou.,Ma mère lave les vêtements chaque jour.
Mantè !,Menteur !
Mantè.,Menteur.
Mantèz !,Menteuse !
Mantèz.,Menteuse.
Matant an mwen sé sè a manman mwen.,Ma tante est la sœur de ma mère.
Mawi enmé Tòm.,Marie aimait Tom.
Mawi enmé najé.,Marie aime nager.
Mawi enmé'w.,Mary t'aime.
Mawi mwen gwan ki Tòm.,Marie est moins grande que Tom.
Mawi mwen gwan pasé Tòm.,Marie est moins grande que Tom.
Mawi pisimé èski.,Marie préfère le ski.
Mawi pè souwit.,Marie a peur des souris.
Mawika té enmé dansé.,Marika aimait danser.
Mi Alis.,Voici Alice.
Mi Ana.,Voici Anna.
Mi Damyen.,Voici Damien.
Mi Dèlfin.,Voici Delphine.
Mi Flavyen.,Voici Flavien.
Mi Gaston.,Voici Gaston.
Mi Gladis.,Voici Gladys.
Mi Gzavyé.,Voici Xavier.
Mi Inosan.,Voici Innocent.
Mi Jak.,Voici Jacques.
Mi Jan.,Voici Jean.
Mi Jili.,Voici Julie.
Mi Jilyen.,Voici Julien.
Mi Jéwémi.,Voici Jérémie.
Mi Jòj.,Voici Georges.
Mi Jòslen.,Voici Jocelyn.
Mi Kanten.,Voici Quentin.
Mi Kwistòf.,Voici Christophe.
Mi Kwisyann.,Voici Christiane.
Mi Kévin.,Voici Kévin.
Mi Lanslo.,Voici Lancelot.
Mi Lidivin.,Voici Ludivine.
Mi Liz.,Voici Lise.
Mi Mamadou.,Voici Mamadou.
Mi Mawi.,Voici Marie.
Mi Nowé.,Voici Noé.
Mi Oféli.,Voici Ophélie.
Mi Pyè.,Voici Pierre.
Mi Sésil.,Voici Cécile.
Mi Toma.,Voici Thomas.
Mi Tòm.,Voici Tom.
Mi Valanten.,Voici Valentin.
Mi Valantin.,Voici Valentine.
Mi Valantin..,Voici Valentine.
Mi Vanésa.,Voici Vanessa.
Mi Wojé.,Voici Roger.
Mi Wòz.,Voici Rose.
Mi bab !,Quelle histoire !
Mi bab pou mwen mi !,Me voilà bien embêté !
Mi bèl lakansyèl !,Quel bel arc-en-ciel !
Mi chalè !,Quelle chaleur !
Mi mwen !,Me voilà !
Mi yo !,Les voici !
Mi yo.,Les voici.
Mi Èstéfann.,Voici Stéphane.
Mi Òktav.,Voici Octave.
Mi'y.,Le voici.
Misyé ka touché lajan anba-fèy.,Il touche de l'argent en secret.
Misyé ka vini anflé.,Il enfle.
Misyé pa ayen a'w.,Il n'est rien pour toi.
Misyé rantré alvantis.,Il est devenu adventiste.
Misyé vòlè anba-anba.,Il vole en cachette.
Motè lasa ka fè dis anpè.,Ce moteur fait dix ampères.
Mwen achté on téléfòn nèf.,J'ai acheté un nouveau téléphone.
Mwen adan ladoutans.,J'hésite.
Mwen anba chèf-la.,Je suis sous les ordres du chef.
Mwen anvi chyé.,J'ai envie de chier.
Mwen bizwen vou.,J'ai besoin de toi.
Mwen bizwen vwè'w.,J'ai besoin de te voir.
Mwen enmé Hitomi.,J'aime Hitomi.
Mwen enmé Kati.,J'aime Cathy.
Mwen enmé Mawi.,J'aime Mary.
Mwen enmé Tatoeba.,J'aime Tatoeba.
Mwen enmé Tòm.,J'aime Tom.
Mwen enmé aprann.,J'aime apprendre.
Mwen enmé apwann.,J'aime apprendre.
Mwen enmé bayé.,J'aime bâiller.
Mwen enmé bwè.,J'aime boire.
Mwen enmé chanté-lasa.,J'aime cette chanson.
Mwen enmé chanté.,J’aime chanter.
Mwen enmé dansé.,J'aime danser.
Mwen enmé désiné.,J'aime dessiner.
Mwen enmé dòmi.,J'aime dormir.
Mwen enmé fomaj a kabwit.,J'aime le fromage de chèvre.
Mwen enmé fè lékòl.,J'aime enseigner.
Mwen enmé kalkilé.,J'aime calculer.
Mwen enmé kouwi.,J'aime courir.
Mwen enmé li.,J'aime lire.
Mwen enmé maché.,J'aime marcher.
Mwen enmé magazen-lasa.,J'aime ce magasin.
Mwen enmé manjé.,J'aime manger.
Mwen enmé najé.,J'aime nager.
Mwen enmé palé.,J'aime parler.
Mwen enmé patat.,J'aime les patates douces.
Mwen enmé poul.,J'aime le poulet.
Mwen enmé péché.,J'aime pêcher.
Mwen enmé ri.,J'aime rire.
Mwen enmé révé.,J'aime rêver.
Mwen enmé siléma-lasa.,J'aime ce film.
Mwen enmé travay.,J'aime travailler.
Mwen enmé yo.,Je les aime.
Mwen enmé zozyo.,J'aime les oiseaux.
Mwen enmé étidyé.,J'aime étudier.
Mwen enmé'w !,Je t'aime !
Mwen enmé'w manman.,Je t'aime maman.
Mwen enmé'w onlo !,Je t'aime beaucoup !
"Mwen enmé'w onlo, Tòm !","Je t’aime beaucoup, Tom !"
Mwen enmé'w onlo.,Je t'aime beaucoup.
Mwen enmé'w osi.,Je t'aime aussi.
Mwen enmé'w papa.,Je t'aime papa.
Mwen enmé'w toubòlman !,Je t'aime beaucoup !
"Mwen enmé'w toubòlman, Tòm !","Je t’aime beaucoup, Tom !"
Mwen enmé'w toubòlman.,Je t'aime beaucoup.
"Mwen enmé'w, doudou !","Je t'aime, chérie !"
Mwen enmé'w.,Je t'aime.
Mwen enmé'y.,Je l'aime.
Mwen fen !,J'ai faim !
Mwen gwan.,Je suis grand.
Mwen hayi tout moun.,Je déteste tout le monde.
Mwen jalou.,Je suis jaloux.
Mwen k'ay bò d'lanmè.,Je vais à la plage.
Mwen k'ay bòdlanmè.,Je vais à la plage.
Mwen k'ay laga pwan twen-la.,Je vais à la gare pour prendre le train.
Mwen k'ay lèstasyon pwan twen-la.,Je vais à la gare pour prendre le train.
Mwen k'ay manjé on sitwon.,Je vais manger un citron.
Mwen k'ay najé chak jou.,Je vais nager chaque jour.
Mwen ka aché sé nonm-la.,Je cherche les hommes.
Mwen ka aché zanmi.,Je cherche des amis.
Mwen ka bwè èvè on pay.,Je bois avec une paille.
Mwen ka chaché sé nonm-la.,Je cherche les hommes.
Mwen ka chaché zanmi.,Je cherche des amis.
Mwen ka chwézi lenj an mwen asi katalòg.,Je choisis mes vêtements sur catalogue.
Mwen ka chèché on bijoutri.,Je cherche une bijouterie.
Mwen ka chèché on bouchri.,Je cherche une boucherie.
Mwen ka chèché on boulanjri.,Je cherche une boulangerie.
Mwen ka chèché on boutik a flè.,Je cherche un fleuriste.
Mwen ka chèché on boutik a joujou pou timoun.,Je cherche un magasin de jouets.
Mwen ka chèché on boutik a lenj.,Je cherche un magasin de vêtements.
Mwen ka chèché on boutik a soulyé.,Je cherche un magasin de chaussures.
Mwen ka chèché on boutik.,Je cherche un magasin.
Mwen ka chèché on chèl.,Je cherche une station-service.
Mwen ka chèché on fanmasi.,Je cherche une pharmacie.
Mwen ka chèché on lolo.,Je cherche une épicerie.
Mwen ka chèché on machann pwason.,Je cherche un poissonnier.
Mwen ka chèché on machann sòwbé.,Je cherche un glacier.
Mwen ka chèché on parfumri.,Je cherche une parfumerie.
Mwen ka chèché on sant komèwsyal.,Je cherche un centre commercial.
Mwen ka chèché on sipèrmawché.,Je cherche un supermarché.
Mwen ka chèché on timawché.,Je cherche un marchand de fruits et légumes.
Mwen ka chèché travay.,Je cherche du travail.
Mwen ka fè manjé èvè lywil zoliv.,Je cuisine à l'huile d'olive.
Mwen ka hayi yo.,Je les déteste.
Mwen ka jwé.,Je joue.
Mwen ka koumansé.,Je commence.
Mwen ka kouwi.,Je cours.
Mwen ka lavé lenj an mwen toulé jou.,Je lave mes habits chaque jour.
"Mwen ka li, ou ka ékwi.",Je lis; tu écris.
Mwen ka limé bouji-la.,J'allume la bougie.
Mwen ka lévé gwan bonnè.,Je me lève tôt.
Mwen ka maké on chanté an fwansé.,J'écris une chanson en français.
Mwen ka manjé on kiwi.,Je mange un kiwi.
Mwen ka manjé on konkonm.,Je mange un concombre.
Mwen ka manjé on ponm.,Je mange une pomme.
Mwen ka manjé on sandouch.,Je suis en train de manger un sandwich.
Mwen ka manjé on sòwbé vanni.,Je mange une glace à la vanille.
Mwen ka manjé on sòwbé.,Je mange une glace.
Mwen ka manjé on yarout.,Je mange un yaourt.
Mwen ka manjé pen a lè a didiko-la.,Je mange du pain au petit-déjeuner.
Mwen ka manjé pen.,Je mange du pain.
Mwen ka manjé sitwon.,Je mange un citron.
Mwen ka manjé.,Je mange.
Mwen ka palé ba'w.,Je te parle.
Mwen ka pléwé chak jou.,Je pleure chaque jour.
Mwen ka pran on taksi pou rantré akaz.,Je prends un taxi pour rentrer.
Mwen ka pèd souf.,Je suis à bout de souffle.
Mwen ka rété Bastè.,J'habite en Basse-Terre.
Mwen ka rété Bayif.,J'habite à Baillif.
Mwen ka rété Dézirad.,J'habite à la Désirade.
Mwen ka rété Goubè.,J'habite à Gourbeyre.
Mwen ka rété Granntè.,J'habite en Grande-Terre.
Mwen ka rété Lapwent.,J'habite à Pointe-à-Pitre.
Mwen ka rété Lésent.,J'habite aux Saintes.
Mwen ka rété Marigalant.,J'habite à Marie-Galante.
Mwen ka rété Senfwanswa.,J'habite à Saint-François.
Mwen ka rété Senklòd.,J'habite à Saint-Claude.
Mwen ka rété Twarivyè.,J'habite à Trois-Rivières.
Mwen ka rété Zabitan.,J'habite à Vieux-Habitants.
Mwen ka sav.,Je sais.
Mwen ka sonjé'w toultan.,Je pense à toi tout le temps.
Mwen ka sonjé'w.,Je pense à toi.
Mwen ka sonjé'y toulé jou.,J'y pense chaque jour.
Mwen ka twavay.,Je travaille.
Mwen ka wazé mwen toulé jou.,Je me rase chaque jour.
Mwen ka wouvini.,Je reviens.
Mwen konstipé.,Je suis constipé.
Mwen kontan navé.,J'aime les navets.
Mwen kontan ou enmé zanmi an mwen.,Je suis heureux que vous aimiez mes amis.
Mwen kontan.,Je suis heureux.
Mwen koumansé konpwann.,Je commence à comprendre.
Mwen ké achté sa.,J'achèterai ça.
Mwen ké ay lè yo ka wouvini isit.,Je m'en irai lorsqu'ils reviendront ici.
Mwen ké ban a'w lajan lasa.,Je vous donnerai cet argent.
Mwen ké dwésé'w.,Je vais te faire marcher droit.
Mwen ké manjé on gato.,Je mangerai un gâteau.
Mwen ké manjé on kiwi.,Je mangerai un kiwi.
Mwen ké manjé on ponm.,Je mangerai une pomme.
Mwen ké manjé on sitwon.,Je mangerai un citron.
Mwen ké manjé.,Je mangerai.
Mwen ké pòté on ti pwason pou zòt.,Je vous apporterai un peu de poisson.
Mwen ké éséyé.,J'essaierai.
Mwen kòlè.,Je suis en colère.
Mwen las !,Je suis fatigué !
Mwen lévé a sétè d'maten.,Je me suis reveillé à sept heures du matin.
Mwen malad a wòb-lasa.,Cette robe me plaît énormément.
Mwen malad.,Je suis malade.
Mwen manjé on ponm.,Je mangeais un kiwi.
Mwen manjé on sandouch.,Je mangeais un sandwich.
Mwen manjé pen.,J'ai mangé du pain.
Mwen manjé.,J'ai mangé.
Mwen manké avyon-la.,J'ai raté l'avion.
Mwen mayé.,Je suis marié.
Mwen mwen gwan ki yo.,Je suis plus grand qu'eux.
Mwen mwen gwan ki zò.,Je suis moins grand que vous.
Mwen ni disètan.,J'ai dix-sept ans.
Mwen ni dizan.,J'ai dix ans.
Mwen ni diznèvan.,J'ai dix-neuf ans.
Mwen ni dizywitan.,J'ai dix-huit ans.
Mwen ni douzan.,J'ai douze ans.
Mwen ni dé frè é twa sè.,J'ai deux frères et trois sœurs.
Mwen ni dé frè.,J'ai deux frères.
Mwen ni dézan.,J'ai deux ans.
Mwen ni karanndézan.,J'ai quarante-deux ans.
Mwen ni karantan.,J'ai quarante ans.
Mwen ni katran.,J'ai quatre ans.
Mwen ni katòzan.,J'ai quatorze ans.
Mwen ni kenzan.,J'ai quinze ans.
Mwen ni nèvan.,J'ai neuf ans.
Mwen ni on chival blan.,J'ai un cheval blanc.
Mwen ni on chouval blan.,J'ai un cheval blanc.
Mwen ni on chèval blan.,J'ai un cheval blanc.
Mwen ni on frè é dé sè.,J'ai un frère et deux sœurs.
Mwen ni on gwo né.,J'ai un gros nez.
Mwen ni on kansè.,J'ai un cancer.
Mwen ni on lagwip.,J'ai un rhume.
Mwen ni on téléfòn nèf.,J'ai un nouveau téléphone.
Mwen ni onnan.,J'ai un an.
Mwen ni onzan.,J'ai onze ans.
Mwen ni san dòla an pòch an mwen.,J'ai cent dollars dans ma poche.
Mwen ni san lanné.,J'ai cent ans.
Mwen ni santan.,J'ai cent ans.
Mwen ni senk dòla an pòch an mwen.,J'ai cinq dollars dans ma poche.
Mwen ni senkan.,J'ai cinq ans.
Mwen ni senkant éwo an pòch an mwen.,J'ai cinquante euros dans ma poche.
Mwen ni senkantan.,J'ai cinquante ans.
Mwen ni senkantéennan.,J'ai cinquante et un ans.
Mwen ni sizan.,J'ai six ans.
Mwen ni swasanndézan.,J'ai soixante-deux ans.
Mwen ni swasanntwazan.,J'ai soixante-trois ans.
Mwen ni swasantéennan.,J'ai soixante et un ans.
Mwen ni swasantéeonzan.,J'ai soixante et onze ans.
Mwen ni sètan.,J'ai sept ans.
Mwen ni sèz éwo an pòch an mwen.,J'ai seize euros dans ma poche.
Mwen ni sèzan.,J'ai seize ans.
Mwen ni timoun.,J'ai des enfants.
Mwen ni tranndézan.,J'ai trente-deux ans.
Mwen ni trantan.,J'ai trente ans.
Mwen ni trèzan.,J'ai treize ans.
Mwen ni twa frè.,J'ai trois frères.
Mwen ni twa éwo an pòch an mwen.,J'ai trois euros dans ma poche.
Mwen ni twantéennan.,J'ai trente et un ans.
Mwen ni twazan.,J'ai trois ans.
Mwen ni venndézan.,J'ai vingt-deux ans.
Mwen ni venntwazan.,J'ai vingt-trois ans.
Mwen ni ventan.,J'ai vingt ans.
Mwen ni ventéennan.,J'ai vingt et un ans.
Mwen ni ywitan.,J'ai huit ans.
Mwen osi !,Moi aussi !
Mwen osi.,Moi aussi.
Mwen pa enmé jé-lasa.,Je n'aime pas ce jeu.
Mwen pa jalou.,Je ne suis pas jaloux.
Mwen pa ka konpwann zòt ka viv kon si pa ni pwoblèm.,Je n'arrive pas à comprendre que vous viviez comme s'il n'y avait aucun souci.
Mwen pa ka konpwann.,Je ne comprends pas.
Mwen pa ka mangé.,Je ne suis pas en train de manger.
Mwen pa ka tann.,Je ne veux rien entendre.
Mwen pa ka vwè.,Je ne veux rien voir.
Mwen pa konpwann.,Je n'ai pas compris.
Mwen pa kontan navé.,Je n'aime pas les navets.
Mwen pa la.,Je m'en vais.
Mwen pa manjé.,Je n'ai pas mangé.
Mwen pa moun isit.,Je ne suis pas d'ici.
Mwen pa ni bon souvinans a'y.,Je n'ai pas gardé un bon souvenir de lui.
Mwen pa sa fè sa démen.,Je ne peux pas faire ça demain.
Mwen pa sa fè sa.,Je ne sais pas le faire.
Mwen pa sav otila yo yé.,Je ne sais pas où ils sont.
Mwen pa sav.,Je ne sais pas.
Mwen pa té k'ay manjé.,Je n'allais pas manger.
Mwen pa'a manjé.,Je ne suis pas en train de manger.
Mwen pisimyé légim kri ki légim kuit.,Je préfère les légumes crus aux légumes cuits.
Mwen pisimé anglé.,Je préfère l'anglais.
Mwen pisimé chyen.,Je préfère les chiens.
Mwen pisimé divòsé.,Je préfère divorcer.
Mwen pisimé kafé.,Je préfère le café.
Mwen pisimé li.,Je préfère lire.
Mwen pisimé maché.,Je préfère marcher.
Mwen pisimé mò.,Je préfère mourir.
Mwen pisimé nwè la.,Je préfère le noir.
Mwen pisimé nèg la.,Je préfère le nègre.
Mwen pisimé wouj la.,Je préfère le rouge.
Mwen piti.,Je suis petit.
Mwen pli gwan ki zòt.,Je suis plus grand que vous.
Mwen pli gwan ki'w.,Je suis plus grand que toi.
Mwen pli gwan pasé zò.,Je suis plus grand que vous.
Mwen pli gwan pasé'y.,Je suis plus grand que lui.
Mwen pwisi'w.,Je suis amoureux de toi.
Mwen pè.,J'ai peur.
Mwen pèd fil an mwen.,Je ne sais plus ce que je voulais dire.
"Mwen pèd on koté soulyé, sèten yo kaché i.",J'ai perdu une chaussure ; je suis sûr qu'on l'a cachée.
Mwen pèd on koté soulyé.,J'ai perdu une chaussure.
Mwen pé enmé.,Je peux aimer.
Mwen pé ké manjé.,Je ne mangerai pas.
Mwen pé pa tann li.,Je ne peux pas l'entendre.
"Mwen pé pa, mwen ja tini mo.","Je ne peux pas, j'ai déjà rendez-vous."
Mwen pé'é manjé.,Je ne mangerai pas.
"Mwen santi on gout lapli, mwen k'ay kaché.","J'ai senti une goutte de pluie, je vais m'abriter."
Mwen sav la i yé.,Je sais où il est.
Mwen sav la nou yé.,Je sais où nous sommes.
Mwen swèf.,J'ai soif.
Mwen sé Tòm.,Je suis Tom.
Mwen sé moun Ayiti.,Je suis d'Haïti.
Mwen sé moun Dominik.,Je suis de Dominique.
Mwen sé moun Fwans.,Je suis français.
Mwen sé moun Gwadloup.,Je suis guadeloupéen.
Mwen sé moun Matinik.,Je suis martiniquais.
Mwen sé moun isit.,Je suis d'ici.
Mwen sé on chantè.,Je suis chanteur.
Mwen sé on chantèz.,Je suis chanteuse.
Mwen sé on dansè.,Je suis danseur.
Mwen sé on dansèz.,Je suis danseuse.
Mwen sé on najè.,Je suis nageur.
Mwen sé on najèz.,Je suis nageuse.
Mwen sé on ékwiven.,Je suis écrivain.
Mwen sòti manjé on falafèl.,Je viens de manger un falafel.
Mwen sòti manjé.,Je viens de finir de manger.
Mwen sòti twapé on lidé.,Je viens d'avoir une idée.
Mwen twis san vou.,Je suis triste sans toi.
Mwen té enmé zòt.,Je vous aimais.
"Mwen té enmé'w, Tòm.","Je t'aime, Tom."
Mwen té enmé'w.,Je t'aimais.
Mwen té enmé'y.,Je l'aimais.
Mwen té k'ay manjé.,J'allais manger.
Mwen té ké manjé on chival.,Je pourrais manger un cheval.
Mwen té ké manjé on chouval.,Je pourrais manger un cheval.
Mwen té ké vlé mandé'w on sèvis.,Je voudrais te demander un service.
Mwen té vin èvè zanmi an mwen.,Je vins avec mes amies.
Mwen vivan.,Je suis en vie.
Mwen vlé voyajé an avyon.,Je veux voyager en avion.
Mwen vwè bato ka pasé o fon-la.,J'ai vu de frands bateaux passer au large.
Mwen vé pa ay lékòl.,Je ne veux pas aller à l'école.
Mèsi !,Merci !
"Mèsi onlo, sé tout.","Merci beaucoup, ce sera tout."
Mèsi onpil !,Merci beaucoup !
"Mèsi onpil, sé tout.","Merci beaucoup, ce sera tout."
Mèsi pou envitasyon a'w.,Merci de m'avoir invité.
Mèsi.,Merci.
Mèt dé kawòt an vyann-la !,Mets deux carottes avec la viande !
Mésyé !,Mes aïeux !
"Mésyé, mésyé ! Fout sa lèd !",Mes aïeux ! Que c'est moche !
Mété tibren alkòl asi bobo-la !,Mets un peu d'alcool sur la plaie !
Mété tibwen alkòl asi bobo-la !,Mets un peu d'alcool sur la plaie !
Météwo-la anonsé on bèl wikenn.,La météo prévoit un beau week-end.
Météyo-la anonsé on bèl wikenn.,La météo prévoit un beau week-end.
Ni on moun blésé.,Il y a un blessé.
Ni on moun ka néyé !,Il y a quelqu'un qui se noie !
Ni onlo lafimé.,Il y a beaucoup de fumée.
Ni onpil lafimé.,Il y a beaucoup de fumée.
Ni ywit chival.,Il y a huit chevaux.
Ni ywit chouval.,Il y a huit chevaux.
Ni ywit chèval.,Il y a huit chevaux.
Ni òksijèn andidan boutèy-lasa.,Il y a de l'oxygène dans cette bouteille.
Non !,Non !
Non ?,Non ?
Non an mwen sé Andréa.,Je m'appelle Andrea.
Non an mwen sé Jan.,Je m'appelle John.
Non an mwen sé Lori.,Je m'appelle Laurie.
Non an mwen sé Lwi.,Je m'appelle Luis.
Non an mwen sé Sacha.,Je m'appelle Sasha.
Non an mwen sé Sali.,Je m'appelle Sally.
Non an mwen sé Sara.,Je m'appelle Sara.
Non an mwen sé Tòm é mi Mawi.,Je m'appelle Tom et voici Marie.
Non an mwen sé Èstéfann é mi Kwisyann.,Je m'appelle Stéphane et voici Christiane.
Non an mwen sé Èstéfann.,Je m'appelle Stéphane.
Non an mwen sé Émili.,Je m'appelle Emily.
"Non, pa fè sa !","Non, ne fais pas ça !"
Nonm-lan ho,L'homme est grand.
"Nou fè'w viv èvè lokans a dwèt an nou, an kadans a doulè an nou, a lenbé an nou.","Nous t'avons fait vivre avec l'éloquence de nos doigts, au rythme de nos douleurs, de nos chagrins."
Nou ka chèché travay.,Nous cherchons du travail.
Nou ka fèmé a sétèdswè.,Nous fermons à 19 heures.
Nou ka jwé boul andèwò.,On joue au ballon à l'extérieur.
Nou ka limé blan balenn la.,Nous allumons la bougie.
Nou ka limé bouji-la.,Nous allumons la bougie.
Nou ka manjé.,Nous mangeons.
Nou ka pléwé.,Nous pleurons.
Nou ka vwè lonbwaj a nonm-lasa.,On voit la silhouette de cet homme.
Nou kontan vwè zòt !,Bienvenue !
Nou kontan vwè zòt akaz !,Bienvenue chez nous !
Nou ké manjé.,Nous mangerons.
Nou manjé.,Nous avons mangé.
Nou mwen gwan ki yo.,Nous sommes moins grands qu'eux.
Nou mwen gwan ki zò.,Nous sommes moins grands que vous.
Nou mwen gwan pasé yo.,Nous sommes moins grands qu'eux.
Nou mwen gwan pasé zòt.,Nous sommes moins grands que vous.
Nou mwen gwan pasé'y.,Nous sommes moins grands que toi.
Nou pa dwèt fè poltiik.,Nous ne devrions pas faire de politique.
Nou pa ka gadé.,Nous sommes pas en train de regarder.
Nou pa ka manjé.,Nous ne sommes pas en train de manger.
Nou pa manjé.,Nous n'avons pas mangé.
Nou pa pè.,On n'a pas peur.
Nou pa té k'ay manjé.,Nous n'allions pas manger.
Nou pa'a manjé.,Nous ne sommes pas en train de manger.
Nou pran on bon ben an lanmè.,Nous avons pris un bon bain de mer.
Nou pé ké manjé.,Nous ne mangerons pas.
Nou pé'é manjé.,Nous ne mangerons pas.
Nou sé moun isi.,Nous sommes d'ici.
Nou sé moun isit.,Nous sommes d'ici.
Nou sé zanmi a'w.,Nous sommes tes amis.
Nou té k'ay manjé.,Nous allions manger.
Nou té zanmi.,Nous étions amis.
Nou vwè yo yè.,Nous les avons vus hier.
Nyak.,Rien.
Nèf la anba lapo la.,Le nerf est sous la peau.
O ?,Où ?
"O madanm, ès ou ni on ti almanak pou ou ban mwen ?","Eh, madame ! Vous n'avez pas un petit calendrier pour moi ?"
O manman yé ?,"Elle est où, maman ?"
O mwen pé achté ponm ?,Où puis-je acheter des pommes ?
O sant komèwsyal la yé ?,Où se trouve le centre commercial ?
O sé twalèt-la yé ?,Où sont les toilettes ?
O sé twalèt-la yé souplè ?,"Où sont les toilettes, s'il vous plait ?"
Obiyé !,Oublie !
Obiyé'y.,Oublie-le.
Obliyé !,Oublie !
Obliyé'y.,Oublie-le.
Ola ?,Où ?
Ola i dwèt alé ?,Où doit-elle aller ?
Ola manman yé ?,"Elle est où, maman ?"
Ola mwen pé gannyé ponm ?,Où puis-je acheter des pommes ?
Ola ou fèt ?,Où es-tu né ?
Ola ou té pasé ?,Où étais-tu passé ?
Ola sant komèwsyal la yé ?,Où se trouve le centre commercial ?
Ola sé twalèt-la yé ?,Où sont les toilettes ?
Ola sé twalèt-la yé souplè ?,"Où sont les toilettes, s'il vous plait ?"
Ola wéyon a madanm yé ?,Où se trouve le rayon pour femmes ?
Ola wéyon a nonm yé ?,Où se trouve le rayon homme ?
Ola wéyon a timoun yé ?,Où se trouve le rayon enfant ?
On ayen ka boulvèsé on fanm ansent.,Un rien suffit à donner la nausée à une femme enceinte.
On jenn gason néyé an lanmè la.,Un jeune garçon s'est noyé en mer.
On jenn tifi néyé an lanmè la.,Une jeune fille s'est noyée en mer.
"On jou, pannan manman yo pa té la, yo ay an bwa.","Un jour, pendant que leur mère était absente, ils s'en allèrent dans les bois."
"Onsèl koul baton, i abazoudi konpè lapen.","D'un seul coup de bâton, il assomma compère lapin."
Osi.,Aussi.
Otila i dwèt ay ?,Où doit-elle aller ?
Otila manman yé ?,"Elle est où, maman ?"
Otila mwen pé gannyé ponm ?,Où puis-je acheter des pommes ?
Otila ou té pasé ?,Où étais-tu passé ?
Otila sé twalèt-la yé ?,Où sont les toilettes ?
Ou chanslé.,Vous avez de la chance.
Ou dwèt manjé sa.,Tu dois manger ça.
Ou dwètèt fen.,Tu dois avoir faim.
Ou enmé dansé.,Tu aimes danser.
Ou enmé najé.,Tu aimes nager.
Ou enmé'y !,Tu l'aimes !
Ou fè sa lidé a'w di'w fè.,Tu as agi selon ta conscience.
Ou fè éwè.,Tu t'es trompé.
Ou gwan pasé mwen.,Tu es plus grand que moi.
Ou gwan pasé nou.,Tu es plus grand que nous.
Ou gwan pasé yo.,Tu es plus grand qu'eux.
Ou gwan pasé'y.,Tu es plus grand que lui.
Ou ja kafé ?,Tu as déjà pris ton café ?
Ou ka chèché travay.,Tu cherches du travail.
Ou ka fini anlè ou menm !,Tu es en train de maigrir !
Ou ka fè mwen pè.,Tu me fiches la trouille.
Ou ka fè sa chak jou ?,Fais-tu cela chaque jour ?
Ou ka fè sa toulé jou ?,Fais-tu cela chaque jour ?
Ou ka kouwi chak jou ?,Est-ce que tu cours chaque jour ?
Ou ka kouwi toulé jou ?,Est-ce que tu cours chaque jour ?
Ou ka limé bouji-la.,Tu allumes la bougie.
Ou ka manjé on sòwbé vanni.,Tu manges une glace à la vanille.
Ou ka manjé on sòwbé.,Tu manges une glace.
Ou ka manjé.,Tu es en train de manger.
Ou ka manké mwen.,Tu me manques.
Ou ka manti.,Tu mens.
Ou ka pati ?,Tu pars ?
Ou ka éséyé wanjé pòt la.,Tu essaies de réparer la porte.
Ou ka étidyé chak jou ?,Étudies-tu chaque jour ?
Ou ka étidyé toulé jou ?,Étudies-tu chaque jour ?
Ou ké ay ?,Tu iras ?
Ou ké enmé Tòm.,Tu aimeras Tom.
Ou ké li on lèt.,Tu liras une lettre.
Ou ké manjé.,Tu mangeras.
Ou ké pòté sitwon pou boutik la.,Tu porteras des citrons au magasin.
Ou manjé.,Tu as mangé.
Ou mwen gwan ki mwen.,Tu es moins grand que moi.
Ou mwen gwan ki nou.,Tu es moins grand que nous.
Ou mwen gwan ki yo.,Tu es plus grand qu'eux.
Ou mwen gwan pasé mwen.,Tu es moins grand que moi.
Ou mwen gwan pasé nou.,Tu es moins grand que nous.
Ou mwen gwan pasé yo.,Tu es plus grand qu'eux.
Ou mwen gwan pasé'y.,Tu es plus grand qu'elle.
Ou ni bon vlen ?,As-tu du bon venin ?
Ou ni dé liv ?,As-tu deux livres ?
Ou ni on gwo né.,Tu as un gros nez.
Ou ni on kansè.,Tu as un cancer.
Ou pa ka manjé.,Tu ne manges pas.
Ou pa manjé.,Tu n'as pas mangé.
Ou pa ni wézon.,Tu n'as pas raison.
Ou pa té dwèt fè mwen sa.,Tu n'aurais pas dû me faire ça.
Ou pa té k'ay manjé.,Tu n'allais pas manger.
Ou pa'a manjé.,Tu ne manges pas.
Ou pa'a tann ?,Tu es sourd ?
Ou pa'a vwè klè ?,Tu es aveugle ?
Ou pli gwan ki mwen.,Tu es plus grand que moi.
Ou pli gwan ki nou.,Tu es plus grand que nous.
Ou pli gwan ki yo.,Tu es plus grand qu'eux.
Ou pli gwan pasé mwen.,Tu es plus grand que moi.
Ou pli gwan pasé nou.,Tu es plus grand que nous.
Ou pli gwan pasé yo.,Tu es plus grand qu'eux.
Ou pli gwan pasé'y.,Tu es plus grand que lui.
Ou pèd lajan'w ?,As-tu perdu ton argent ?
Ou pé kwè li.,Vous pouvez le croire.
Ou pé ké manjé.,Tu ne mangeras pas.
Ou pé sizé.,Tu peux t'asseoir.
Ou pé'é manjé.,Tu ne mangeras pas.
Ou sé lanmou lavi an mwen.,Tu es l'amour de ma vie.
Ou sé moun isi ?,Es-tu d'ici ?
Ou sé moun isi.,Tu es d'ici.
Ou sé moun isit ?,Es-tu d'ici ?
Ou sé moun isit.,Tu es d'ici.
Ou tèbè tèbè a'w !,Tu es trop bête !
Ou té enmé najé.,Tu aimais nager.
Ou té k'ay manjé.,Tu allais manger.
Ou té kouté.,Tu écoutais.
Ou té ké enmé Tòm.,Tu aimerais Tom.
Ou vlé vin ?,Tu veux venir ?
Ou vwè noutout fèt é grandi.,Tu nous à tous vus naître et grandir.
Ovwa !,Au revoir !
Ovwa.,Au revoir.
Pa ay o fon !,Ne vas pas trop loin !
Pa bizwen pè.,Ne crains rien.
Pa dwaté mwen !,Ne pointe pas ton doigt vers moi !
Pa dwété mwen !,Ne pointe pas ton doigt vers moi !
"Pa fè i pè, ou sav byen i kawdyak.","Ne lui fais peur, tu sais bien qu'il est cardiaque."
Pa fè sa !,Ne fais pas ça !
Pa manjé sa !,Ne mange pas ça !
Pa manjé'y !,Ne mange pas ça !
Pa ni ayen !,Ça va !
Pa ni ayen pou manjé an péyi-la.,Il n'y a rien à manger dans le pays.
Pa ni pwoblèm.,Pas de problème.
Pa obiyé mwen ! An enmé'w !,Ne m'oublie pas ! Je t'aime !
Pa obliyé mwen ! An enmé'w !,Ne m'oublie pas ! Je t'aime !
Pa oubliyé mèt ba-la dèyè pòt-la !,N'oublie pas de fermer la porte avec la barre !
Pa pléré ankò !,Ne pleure plus !
Pa pléré.,Ne pleure pas.
Pa pè !,N'aie pas peur.
Pa touché'y !,Ne touche pas à ça !
Pa vin si mwen !,N'approche pas de moi !
Palapenn vin.,Pas la peine de venir.
Palapenn vini.,Pas la peine de venir.
Papa an mwen fè on balansin adan pyé mango la.,Mon père a installé une balançoire dans le manguier.
Papa mwen sé on chasè.,Mon père est chasseur.
"Papa, an enmé'w !","Papa, je t'aime !"
"Papa, mwen enmé'w !","Papa, je t'aime !"
Pisimé an pati.,Mieux vaut que je parte.
Pisimé i pati.,Mieux vaut qu'il parte.
Pisimé mwen pati.,Mieux vaut que je parte.
Pisimé nou pati.,Mieux vaut qu'on parte.
Pisimé ou pati.,Mieux vaut que tu partes.
Pisimé yo pati.,Mieux vaut qu'ils partent.
Pisimé zò pati.,Mieux vaut que vous partiez.
Pisimé zòt pati.,Mieux vaut que vous partiez.
"Plita, an ké on avyatè !","Dans le futur, je serai aviateur !"
"Plita, an ké on chanpyon ténis !","Dans le futur, je serai championne de tennis !"
"Plita, an ké on chantè !","Dans le futur, je serai chanteur !"
"Plita, an ké on chantèz !","Dans le futur, je serai chanteuse !"
"Plita, an ké on dansè !","Dans le futur, je serai danseur !"
"Plita, an ké on dansèz !","Dans le futur, je serai danseuse !"
"Plita, an ké on jandam !","Dans le futur, je serai gendarme !"
"Plita, mwen ké on aviyatè !","Dans le futur, je serai aviateur !"
"Plita, mwen ké on chanpyon ténis !","Dans le futur, je serai championne de tennis !"
"Plita, mwen ké on chantè !","Dans le futur, je serai chanteur !"
"Plita, mwen ké on chantèz !","Dans le futur, je serai chanteuse !"
"Plita, mwen ké on dansè !","Dans le futur, je serai danseur !"
"Plita, mwen ké on dansèz !","Dans le futur, je serai danseuse !"
"Plita, mwen ké on jandab !","Dans le futur, je serai gendarme !"
Ponmlé'w chak jou.,Promène-toi chaque jour.
Ponmlé'w toulé jou.,Promène-toi chaque jour.
"Pou Nwèl, an ké achté balon pou mèt an sapen-la.","Pour Noël, j'achèterai des ballons pour mettre dans le sapin."
"Pou Nwèl, mwen ké achté balon pou mèt an sapen-la.","Pour Noël, j'achèterai des ballons pour mettre dans le sapin."
Pouki i fè sa ?,Pourquoi a-t-il fait ça ?
Pouki ou fè sa ?,Pourquoi as-tu fait ça ?
Pouki ou pa enmé mwen ?,Pourquoi ne m'aimes-tu pas ?
Pouki zòt fè sa ?,Pourquoi avez-vous fait ça ?
Poukisa ?,Pourquoi ?
Poutan zòt sav lavi-la rèd.,Vous savez pourtant que la vie est dure.
Pwan gad !,Sois prudent !
Pwan gad.,Sois prudent.
Pwasa-lasa bidim !,Ce poisson est immense !
Pwason ka viv an dlo.,Les poissons vivent dans l'eau.
Pwason-lasa bidim !,Ce poisson est immense !
Pwensès-la ka baké abò bèlchawèt a'y.,La princesse est montée dans son carrosse.
Pwiyédyé !,Prie !
"Pwèmyé moun ki ka wèsté Mawi-Galant, sé té Awawak.",Les premiers habitants de Marie-Galante furent des Arawak.
Pwéson-lasa bidim !,Ce poisson est immense !
Péken gwan pasé Wonm.,Pékin est plus grand que Rome.
Péken pli gwan ki Wonm.,Pékin est plus grand que Rome.
Péken pli gwan pasé Wonm.,Pékin est plus grand que Rome.
Répons-lasa sé érè.,Cette réponse est fausse.
Sa bon menm !,C'est très bon !
Sa k'ay ?,Ça va ?
Sa k'ay é ou menm ?,"Je suis bien, et toi ?"
Sa k'ay.,Ça va.
"Sa ka fè dézan i ni on kansè, mé i ka kité byen.","Il a un cancer depuis deux ans, mais il resiste bien."
Sa ka fè ywit mwa i ansent.,Elle est enceinte de huit mois.
Sa ki wivé'w ?,Que t'est-il arrivé ?
Sa kon sa.,C'est comme ça.
Sa pa asiwé.,Ce n'est pas certain.
Sa posib.,C'est possible.
"Sa yo fè-la té mové, sété on péché.",Ce qu'ils ont fait était mal. C'était un péché.
Sami gwan pasé mwen.,Sami est plus grand que moi.
Sami pli gwan ki mwen.,Sami est plus grand que moi.
Sami pli gwan pasé mwen.,Sami est plus grand que moi.
Si !,Si !
Si ?,Si ?
Si a pa té pou di.,S'il ne tenait qu'à moi.
Si an ka li kenz paj toulé jou...,Si je lis chaque jour quinze pages...
Si an vlé.,Si je veux.
Si i vlé.,S'il veut.
Si mwen ka li kenz paj chak jou...,Si je lis chaque jour quinze pages...
Si mwen vlé.,Si je veux.
Si nou vlé.,Si nous voulons.
Si ou ka di'y.,Si tu le dis.
"Si ou two baladè, ou pé'é manjé'w !","Si tu passes trop de temps à te balader, tu n'auras rien à manger !"
Si ou vlé.,Si tu veux.
Si yo vlé.,S'ils veulent.
Si zòt vlé.,Si vous voulez.
Siléma-lasa ka fè yo pè.,Ce film leur fait peur.
Siwano pala.,Cyrano n’est pas là.
Soukou !,Au secours !
Soulyé an mwen gwan pasé ta'w.,Mes chaussures sont plus grandes que les tiennes.
Soulyé an mwen pli gwan ki ta'w.,Mes chaussures sont plus grandes que les tiennes.
Soulyé an mwen pli gwan pasé ta'w.,Mes chaussures sont plus grandes que les tiennes.
Soup-la cho.,La soupe est chaude.
Souplé.,Je vous en prie.
Syèl !,Ciel !
Syèl-la blé.,Le ciel est bleu.
Syèl-la ké chajé.,Il fera nuageux.
Sè a'w ka dòmi.,Votre sœur est en train de dormir.
Sèkré a'y sé ta'y.,Il garde ses secrets pour lui.
Sé fimèl-bèf an mwen.,C'est ma vache.
Sé konsa an yé.,C'est ainsi que je suis.
Sé konsa i yé.,C'est ainsi qu'il est.
Sé konsa mwen yé.,C'est ainsi que je suis.
Sé konsa nou yé.,C'est ainsi que nous sommes.
Sé konsa yo yé.,C'est ainsi qu'ils sont.
Sé konsa zò yé.,C'est ainsi que vous êtes.
Sé konsa zòt yé.,C'est ainsi que vous êtes.
Sé kòyòt-la ka hélé lannywit.,Les coyotes hurlent la nuit.
Sé liv-lasa bazé si Labib.,Ces livres sont basés sur la Bible.
Sé on bon chantè toubòlman.,C'est un très bon chanteur.
Sé on bon chantèz toubòlman.,C'est une très bonne chanteuse.
Sé on bon dansè toubòlman.,C'est un très bon danseur.
Sé on bon dansèz toubòlman.,C'est une très bonne danseuse.
Sé on bon kavalyèz toubòlman.,C'est une très bonne cavalière.
Sé on bon kavalyé toubòlman.,C'est un très bon cavalier.
Sé on bon mizisyen toubòlman.,C'est un très bon musicien.
Sé on bon najè toubòlman.,C'est un très bon nageur.
Sé on bon najèz toubòlman.,C'est une très bonne nageuse.
Sé pa ti kouwi an kouwi !,Qu'est-ce que j'ai couru !
Sé timoun an nou.,C'est notre enfant.
Sé twant désanm ki ké ba i katwan.,Il aura quatre ans le trente décembre.
Sé twant désanm ki ké ba'y katwan.,Il aura quatre ans le trente décembre.
Sé zétwal-la ka kléwé adan syèl-la.,Les étoiles brillent dans le ciel.
Sé èspwé an fè sa !,Je l'ai fait exprès !
Sé èspwé i fè sa !,Elle l'a fait exprès !
Sé èspwé mwen fè sa !,Je l'ai fait exprès !
Sé èspwé nou fè sa !,Nous l'avons fait exprès !
Sé èspwé ou fè sa !,Tu l'as fait exprès !
Sé èspwé yo fè sa !,Ils l'ont fait exprès !
Sé'y menm ki fè kaz a'y.,C'est lui-même qui a construit sa maison.
Sòti ou la ! Ou ka jéné mwen !,"Sauve-toi de là, tu me gênes."
Sòti.,Sors.
Tan-la ké bèl.,Il va faire beau.
Tan-la ké cho.,Il va faire chaud.
Ti fiy-la pati o fon bwa la.,La fillette est partie au fin fond des bois.
Ti gason-la pa pwan bak.,Le jeune garçon a raté son bac.
Ti non an mwen sé Èstéfann.,Je m'appelle Sally.
Timoun an mwen pasé lègzanmen a'y.,Mon enfant a été reçu à son examen.
Timoun-la malad.,L'enfant est malade.
Tin swasant sigonn adan on minit.,Il y a soixante secondes dans une minute.
Tinon an mwen sé Andréa.,Je m'appelle Andrea.
Tinon an mwen sé Anri.,Je m'appelle Henri.
Tinon an mwen sé Dàn.,Mon nom est Dan.
Tinon an mwen sé Igo.,Je m'appelle Hugo.
Tinon an mwen sé Jan.,Je m'appelle John.
Tinon an mwen sé Jòj.,Je m'appelle Georges.
Tinon an mwen sé Lika.,Je m'appelle Lucas.
Tinon an mwen sé Lori.,Je m'appelle Laurie.
Tinon an mwen sé Lwi.,Je m'appelle Luis.
Tinon an mwen sé Nami.,Je m'appelle Nami.
Tinon an mwen sé Sacha.,Je m'appelle Sasha.
Tinon an mwen sé Sara.,Je m'appelle Sara.
Tinon an mwen sé Yamada.,Mon nom est Yamada.
Tinon an mwen sé Yatarou.,Je m'appelle Yatarou.
Tinon an mwen sé Émili.,Je m'appelle Emily.
Tokyo gwan pasé Yokohama.,Tokyo est plus grande que Yokohama.
Tokyo pli gwan ki Yokohama.,Tokyo est plus grande que Yokohama.
Tokyo pli gwan pasé Yokohama.,Tokyo est plus grande que Yokohama.
Tom gwan pasé Mawi.,Tom est plus grand que Mary.
Tou-la fon.,Le trou est profond.
Tout moun ka sav ou ka manti.,Tout le monde sait que vous mentez.
Tout moun komansé pléré lè yo ankofré mò-la.,Tout le monde se mit à pleurer quand on mit en bière le défunt.
Tout moun konnèt li.,Tous le connaissent.
Tout moun koumansé pléré lè yo ankofré mò-la.,Tout le monde se mit à pleurer quand on mit en bière le défunt.
Touvé ki koté pwoblèm la yé.,Trouvez où est le problème.
Touvé ola poblèm la yé.,Trouvez où est le problème.
Touvé otila pwoblèm la yé.,Trouvez où est le problème.
Tòm enmé chanté.,Tom aime chanter.
Tòm enmé li.,Tom aime lire.
Tòm enmé najé.,Tom aime nager.
Tòm enmé péché.,Tom aime pêcher.
Tòm enmé zòt !,Tom vous aime !
Tòm enmé zòt.,Tom vous aime.
Tòm enmé'w.,Tom t'aime.
Tòm fè on aksidan loto.,Thomas a eu un accident de voiture.
Tòm gwan pasé Mayk.,Tom est plus grand que Mike.
Tòm gwan pasé manman'y.,Tom est plus grand que sa mère.
Tòm gwan pasé mwen.,Tom est plus grand que moi.
Tòm ka li jounal-la chak jou.,Tom lit le journal chaque jour.
Tòm ka li jounal-la toulé jou.,Tom lit le journal chaque jour.
Tòm ka najé chak jou.,Tom nage chaque jour.
Tòm ka najé toulé jou.,Tom nage chaque jour.
Tòm pli gwan ki Mawi.,Tom est plus grand que Mary.
Tòm pli gwan ki Mayk.,Tom est plus grand que Mike.
Tòm pli gwan ki manman'y.,Tom est plus grand que sa mère.
Tòm pli gwan ki mwen.,Tom est plus grand que moi.
Tòm pli gwan pasé Mawi.,Tom est plus grand que Mary.
Tòm pli gwan pasé Mayk.,Tom est plus grand que Mike.
Tòm pli gwan pasé manman'y.,Tom est plus grand que sa mère.
Tòm pli gwan pasé mwen.,Tom est plus grand que moi.
Tòm sé on zanmi a sé bèt-la.,Tom est un ami des animaux.
Tòm sé on zanmi a sé zannimo-la.,Tom est un ami des animaux.
Tòm toujou ka pléré.,Tom pleure tout le temps.
Van ké vanté.,Il y aura du vent.
Vant-la roupran mwen ankò.,Le mal de ventre m'a repris.
Vil gwan pasé vilaj.,Les villes sont plus grandes que les villages.
Vil pli gwan ki vilaj.,Les villes sont plus grandes que les villages.
Vil pli gwan pasé vilaj.,Les villes sont plus grandes que les villages.
Vin !,Viens !
Vin ba papa on ti ba !,Viens faire un bisou à papa !
Vin.,Viens.
Vini !,Viens !
Vini.,Viens.
Volé !,Vole !
Vòlkan-la ka pété.,Le volcan entre en éruption.
Wi !,Oui !
"Wi, an ka pléré.","Oui, je pleure."
"Wi, an nou a'y.","Oui, allons-y."
"Wi, dé.","Oui, deux."
"Wi, mwen ka pléré.","Oui, je pleure."
"Wi, poukisa ?","Oui, pourquoi ?"
Wi.,Oui.
Wi. Mèsi.,Oui. Merci.
Wisi gwan pasé Pliton.,La Russie est plus grande que Pluton.
Wisi pli gwan ki Pliton.,La Russie est plus grande que Pluton.
Wisi pli gwan pasé Pliton.,La Russie est plus grande que Pluton.
Woté ba-la asi bouwikèt-la !,Débâte l'âne !
Wouvini !,Reviens !
Wouvini dèmen.,Revenez demain.
Wè !,Oui !
"Wè, an ka pléré.","Oui, je pleure."
"Wè, an nou a'y.","Oui, allons-y."
"Wè, dé.","Oui, deux."
"Wè, mwen ka pléré.","Oui, je pleure."
"Wè, poukisa ?","Oui, pourquoi ?"
Wè.,Oui.
Wè. Mèsi.,Oui. Merci.
Wédé mwen !,Aidez-moi !
Wéponn !,Réponds !
Wòb la pa pwòp.,La robe n'est pas propre.
Yo di ni on balenn ki échwé Kapèstè.,On dit qu'il y a une baleine échouée à Capesterre.
Yo dwèt pa té manjé asé.,Ils n'avaient pas dû manger assez.
Yo enmé Tòm.,Ils aimaient Tom.
Yo enmé chanté.,Ils aiment chanter.
Yo fè on bonbon.,Ils ont fait un gâteau.
Yo k'ay an lanmès.,Ils vont à la messe.
Yo ka alé an lanmès.,Ils vont à la messe.
Yo ka ba bèf bwè.,Ils font boire les bœufs.
Yo ka bwè dlo on chay.,Ils boivent beaucoup d'eau.
Yo ka bwè dlo on lo.,Ils boivent beaucoup d'eau.
Yo ka bwè dlo on pil.,Ils boivent beaucoup d'eau.
Yo ka bwè dlo.,Elles boivent de l'eau.
Yo ka chèché travay.,Ils cherchent du travail.
Yo ka fè on bonbon.,Ils font un gâteau.
Yo ka gadé'w.,Ils vous regardent.
Yo ka limé blan balenn la.,Ils allument la bougie.
Yo ka limé bouji-la.,Ils allument la bougie.
Yo ka maché vit vit vit.,Ils marchent très très vite.
Yo ka maché vit vit.,Ils marchent très vite.
Yo ka manjé diwi.,Ils mangent du riz.
Yo ka manjé pen.,Ils mangent du pain.
Yo ka manjé.,Ils sont en train de manger.
Yo ka wété adan on gwan gwan kaz.,Ils vivent dans une immense maison.
Yo kouché yonn anlè lòt.,Ils sont couchés l'un sur l'autre.
Yo ké manjé.,Ils mangeront.
Yo mandé mwen ki moun an té yé.,Elles m'ont demandé qui j'étais.
Yo mandé mwen ki moun mwen té yé.,Ils m'ont demandé qui j'étais.
Yo manjé anki patat.,Ils n'ont mangé que des patates douces.
Yo manjé anni dé patat.,Ils n'ont mangé que deux patates douces.
Yo manjé.,Ils mangent.
Yo mété'y lajòl padavwa i ja fè twòp ka.,On l'a emprisonné parce qu'il a commis de très nombreux délits.
Yo ni katwèven dòla.,Ils ont quatre-vingts dollars.
Yo ni katwèvendis dòla.,Ils ont quatre-vingt-dix dollars.
Yo ni on gwo né.,Ils ont un gros nez.
Yo pa ka manjé.,Ils ne mangent pas.
Yo pa manjé.,Ils n'avaient pas mangé.
Yo pa té k'ay manjé.,Ils n'allaient pas manger.
Yo pa'a manjé.,Ils ne mangent pas.
Yo pé ké manjé.,Ils ne mangeront pas.
Yo pé'é manjé.,Ils ne mangeront pas.
Yo sé moun Fwans.,Ils sont français.
Yo sé moun isi ?,Sont-ils d'ici ?
Yo sé moun isi.,Ils sont d'ici.
Yo sé moun isit ?,Sont-ils d'ici ?
Yo sé moun isit.,Ils sont d'ici.
Yo té enmé Mawi.,Elles aimaient Marie.
Yo té k'ay manjé.,Ils allaient manger.
Yo té ka bo yo.,Ils s'embrassaient.
Yo té ka bo yonn a lòt.,Ils s'embrassaient.
Yo té ka bo.,Ils s'embrassaient.
Yo té ka réré anba mòn-la.,Ils habitent en bas de la colline.
Yo té las.,Ils étaient fatigués.
Yo té najé adan lak lasa.,Elles nageaient dans ce lac.
Yo té najé.,Ils nageaient.
Yo volé papyé an mwen èvè pòtmonné-la.,On m'a volé mes papiers et mon porte-monnaie.
Yo volé papyé an mwen.,On m'a volé mes papiers.
"Yonn, dé, twa, kat, senk, sis, sèt, ywit, nèf, dis.","Un, deux, trois, quatre, cinq, six, sept, huit, neuf, dix."
Zouk-la sé sèl médikaman nou ni.,Le zouk est le seul remède que nous ayons.
Zouti-la pèrmèt nou travay.,L'outil nous permet de travailler.
Zò douvan ?,Vous êtes devant ?
Zò enmé dansé.,Vous aimez nager.
Zò ka fè sa chak jou ?,Faites-vous cela chaque jour ?
Zò ka limé blan balenn la.,Vous allumez la bougie.
Zò ka limé bouji-la.,Vous allumez la bougie.
Zò ka étidyé chak jou ?,Étudiez-vous chaque jour ?
Zò ni on gwo né.,Vous avez un gros nez.
Zò pli gwan ki mwen.,Vous êtes plus grands que moi.
Zò pli gwan pasé mwen.,Vous êtes plus grands que moi.
Zò sé moun isit.,Vous êtes d'ici.
Zòt douvan ?,Vous êtes devant ?
Zòt enmé najé.,Vous aimez nager.
Zòt gwan pasé mwen.,Vous êtes plus grands que moi.
Zòt ka chèché travay.,Vous cherchez du travail.
Zòt ka fè sa toulé jou ?,Faites-vous cela chaque jour ?
Zòt ka konpwann mwen ?,Vous me comprenez ?
Zòt ka manjé.,Vous mangez.
Zòt ka étidyé chak jou ?,Étudiez-vous chaque jour ?
Zòt ké manjé.,Vous mangerez.
Zòt manjé.,Vous avez mangé.
Zòt ni on gwo né.,Vous avez un gros nez.
Zòt pa ka manjé.,Vous ne mangez pas.
Zòt pa manjé.,Vous n'avez pas mangé.
Zòt pa té k'ay manjé.,Vous n'alliez pas manger.
Zòt pa'a manjé.,Vous ne mangez pas.
Zòt pé ké manjé.,Vous ne mangerez pas.
Zòt pé'é manjé.,Vous ne mangerez pas.
Zòt sé moun isi ?,Êtes-vous d'ici ?
Zòt sé moun isi.,Vous êtes d'ici.
Zòt sé moun isit ?,Êtes-vous d'ici ?
Zòt té enmé najé.,Vous aimiez nager.
Zòt té k'ay manjé.,Vous alliez manger.
Zòt té ké enmé Tòm.,Vous aimeriez Tom.
« Tòm ! » « Mawi ! »,« Tom ! » « Mary ! »
Ès i ka dòmi ?,Il dort ?
Ès ni ou tab pou senk moun ?,Avez-vous une table pour cinq ?
Ès nou ké wivwè on jou ?,Est-ce qu'on se reverra ?
Ès ou enmé Vagnè ?,Aimes-tu Wagner ?
Ès ou enmé apwann ?,Aimes-tu étudier ?
Ès ou enmé chanté ?,Aimes-tu chanter ?
Ès ou enmé dansé ?,Aimez-vous danser ?
Ès ou enmé jwé ?,Aimez-vous jouer ?
Ès ou enmé kouwi ?,Aimes-tu courir ?
Ès ou enmé mwen ?,M'aimes-tu ?
Ès ou enmé najé ?,Aimes-tu nager ?
Ès ou enmé étidyé ?,Aimes-tu étudier ?
Ès ou enmé'y ?,L'aimes-tu ?
Ès ou fwè ?,Êtes-vous frères ?
Ès ou ja fè manjé la ?,As-tu préparé le repas ?
Ès ou ja pwan pa a’w ?,As-tu déjà pris ta part ?
Ès ou ka fimé ?,Fumez-vous ?
Ès ou ka konpwann ?,Comprenez-vous ?
Ès ou ka kouté ?,Tu écoutes ?
Ès ou ka twavay ?,Travaillez-vous ?
Ès ou pawé ?,Es-tu prêt ?
Ès ou pé ban mwen on pal ?,Peux-tu m'aider ?
Ès ou pé di dé ékip-lasa alabalans ?,Est-ce qu'on peut dire que ces deux équipes sont à égalité ?
Ès ou pé woté katwèven éwo ?,Peux-tu retirer quatre-vingts euros ?
Ès ou pé woté kawant éwo ?,Peux-tu retirer quarante euros ?
Ès ou pé woté mil éwo ?,Peux-tu retirer mille euros ?
Ès ou pé woté san éwo ?,Peux-tu retirer cent euros ?
Ès ou pé woté senkant éwo ?,Peux-tu retirer cinquante euros ?
Ès ou pé woté swasant éwo ?,Peux-tu retirer soixante euros ?
Ès ou pé woté twant éwo ?,Peux-tu retirer trente euros ?
Ès ou pé woudi sa ?,Pouvez-vous répéter cela ?
Ès ou pé woudi sa ban mwen ?,Pouvez-vous répéter cela ?
Ès ou té enmé Tòm ?,Aimais-tu Tom ?
Ès ou té ké pé ban nou vwè kat-la ?,"Peut-on avoir la carte, s'il vous plaît ?"
Ès yo pé viv san lanmou ?,Peut-on vivre sans amour?
Ès zòt enmé Vagnè ?,Aimez-vous Wagner ?
Ès zòt enmé apwann ?,Aimez-vous étudier ?
Ès zòt enmé chanté ?,Aimez-vous chanter ?
Ès zòt enmé dansé ?,Aimez-vous danser ?
Ès zòt enmé étidyé ?,Aimez-vous étudier ?
Ès zòt ni kwab ?,Vous avez des crabes ?
Ès zòt té enmé Tòm ?,Aimiez-vous Tom ?
"Èskizé mwen, ki lè i yé ?","Pardon, quelle heure est-il ?"
"Èskizé nou, Èstéfann vlé mandé'w on biten.","Excusez-nous, Stéphane veut vous demander quelque chose."
Èskè nou ké wivwè on jou ?,Nous reverrons-nous un jour ?
Èstéfann ka tayé gazon-la.,Stéphane tond le gazon.
Èstéfann vlé mandé'w on biten.,Stéphane veut vous demander quelque chose.
É zòt ?,Et vous ?
É'w ?,Et toi ?
Étenn limyè-la !,Éteins la lumière !
